,11550.25,11550.5,11550.75,11551.0,11551.25,11551.5,11551.75,11552.0,11552.25,11552.5,11552.75,11553.0,11553.25,11553.5,11553.75,11554.0,11554.25,11554.5,11554.75,11555.0,11555.25,11555.5,11555.75,11556.0,11556.25,11556.5,11556.75,11557.0,11557.25,11557.5,11557.75,11558.0,11558.25,11558.5,11558.75,11559.0,11559.25,11559.5,11559.75,11560.0,11560.25,11560.5,11560.75,11561.0,11561.25,11561.5,11561.75,11562.0,11562.25,11562.5,11562.75,11563.0,11563.25,11563.5,11563.75,11564.0,11564.25,11564.5,11564.75,11565.0,11565.25,11565.5,11565.75,11566.0,11566.25,11566.5,11566.75,11567.0,11567.25,11567.5,11567.75,11568.0,11568.25,11568.5,11568.75,11569.0,11569.25,11569.5,11569.75,11570.0,11570.25,11570.5,11570.75,11571.0,11571.25,11571.5,11571.75,11572.0,11572.25,11572.5,11572.75,11573.0,11573.25,11573.5,11573.75,11574.0,11574.25,11574.5,11574.75,11575.0,11575.25,11575.5,11575.75,11576.0,11576.25,11576.5,11576.75,11577.0,11577.25,11577.5,11577.75,11578.0,11578.25,11578.5,11578.75,11579.0,11579.25,11579.5,11579.75,11580.0,11580.25,11580.5,11580.75,11581.0,11581.25,11581.5,11581.75,11582.0,11582.25,11582.5
1.0,5.688555978717975e-07,1.7994139308827115e-06,3.4693264270961707e-06,7.063439928578305e-06,1.1646409193675415e-05,1.6421805253811494e-05,2.122427657350836e-05,2.1231774484816805e-05,1.536660120362083e-05,1.029648449168122e-05,1.408560450240554e-05,1.290538957225751e-05,3.275995814587748e-07,1.8714957995680398e-07,1.201128774414947e-05,1.221313547665114e-05,1.1176568399450024e-05,1.4224167445206046e-05,8.3593155612711e-06,9.166628901981397e-06,3.6134005270932565e-05,2.1611000932228948e-05,2.1575578235499127e-05,1.328619462655873e-05,3.1723024928935965e-05,1.3827541155732157e-05,2.4773527022236586e-07,8.15772813756592e-06,9.672360098392858e-06,9.867945192040247e-06,8.83890466314555e-06,9.88063323234745e-06,1.786725513688553e-05,1.0281811029253988e-05,9.115119561486437e-06,1.0749095186883884e-05,1.2550748705141847e-05,2.52402891604694e-05,1.5059677284368313e-05,1.1019577214910896e-05,1.2269782458044706e-05,1.0402090204990988e-05,2.461455150748744e-05,1.4545608952121366e-05,1.2431663655506935e-05,1.1118936438269287e-05,2.3499290829509726e-05,5.925895101516838e-07,5.601501638420747e-05,9.464196673578234e-06,8.368506193923708e-06,1.0733546408660746e-05,1.7182883290537117e-05,9.341500116014086e-06,8.361774868709986e-06,1.3808746269620526e-05,8.704989275562808e-06,1.0544399220687786e-05,5.661452091859925e-06,1.1369533512712386e-05,8.432419818013915e-06,1.0224559742680702e-05,1.2437208902083535e-05,7.508358426357385e-06,5.953788903444156e-06,9.452142409503207e-06,6.840775005553707e-06,6.961337478713588e-06,4.602036585270446e-07,1.1515261353029038e-05,6.165443559541183e-06,2.785964773797073e-07,3.1715293877618635e-05,1.806906314405085e-05,1.247476508446585e-05,1.4479760598850681e-05,1.0628319214157573e-05,1.703498219231009e-05,9.619339936082015e-06,0.0,0.0,0.0,0.0,0.0,0.0,0.0,0.0,0.0,0.0,0.0,0.0,0.0,0.0,0.0,0.0,0.0,0.0,0.0,0.0,0.0,0.0,0.0,0.0,0.0,0.0,0.0,0.0,0.0,0.0,0.0,0.0,0.0,0.0,0.0,0.0,0.0,0.0,0.0,0.0,0.0,0.0,0.0,0.0,0.0,0.0,0.0,0.0,0.0,0.0,0.0
1.25,0.0,0.0,0.0,0.0,0.0,0.0,0.0,0.0,0.0,0.0,5.493082005903593e-06,8.206501284945583e-06,6.07434116881596e-06,6.532753551455643e-06,1.870743590645384e-07,6.486861561804785e-06,5.909822711471348e-06,5.5918904168418785e-06,3.92891995637252e-06,4.234499658315268e-06,4.887926696844156e-06,0.0,1.0058212198931084e-05,5.498390192140176e-06,6.190764253549712e-06,1.7266762236385935e-05,6.268893425767608e-06,2.1453070599447967e-07,4.0354644104390816e-06,4.934146356560591e-06,4.43545035948201e-06,5.09078441986022e-06,4.911334260886198e-06,4.6669756695820515e-06,4.301315203223578e-06,4.761814312627608e-06,5.614448664543839e-06,6.153320374110562e-06,4.997365642093647e-06,7.167443280226794e-06,5.81440945882722e-06,7.281679793794596e-06,5.49183605757185e-06,9.142817416216262e-06,8.266579354299107e-06,6.442550753550593e-06,5.98619978739581e-06,1.2944188719164912e-05,3.7859885370802027e-07,2.8071880064908423e-05,4.655505021875789e-06,3.7837675534992484e-06,5.278335366636361e-06,5.507773175360117e-07,4.8245361065835985e-06,4.387969382456082e-06,6.334607957232182e-06,3.881760145946668e-06,5.284941195361627e-06,3.222404499648465e-06,5.3981352885483235e-06,5.0598806438831265e-06,5.412059705842675e-06,6.590878797538361e-06,3.6483234548444847e-06,3.5623757248557167e-06,4.919143385407531e-06,3.5845480087181398e-06,3.5283025845155684e-06,5.459803532705529e-07,5.6806568325825475e-06,3.959222599572534e-06,2.942711600324008e-07,1.899543434666265e-05,1.051096253158695e-05,8.446215850322232e-06,9.387489245411797e-06,5.950238866389053e-06,8.776504668788688e-06,5.328922608863407e-06,0.0,0.0,0.0,0.0,0.0,0.0,0.0,0.0,0.0,0.0,0.0,0.0,0.0,0.0,0.0,0.0,0.0,0.0,0.0,0.0,0.0,0.0,0.0,0.0,0.0,0.0,0.0,0.0,0.0,0.0,0.0,0.0,0.0,0.0,0.0,0.0,0.0,0.0,0.0,0.0,0.0,0.0,0.0,0.0,0.0,0.0,0.0,0.0,0.0,0.0
1.5,0.0,0.0,0.0,0.0,0.0,0.0,0.0,0.0,0.0,0.0,0.0,2.317924144488636e-06,3.801930577922493e-06,3.021921456660088e-06,2.482444824956401e-06,4.6756061346695504e-08,2.747640016151344e-06,2.4092815745486214e-06,2.413666248945419e-06,2.20881269268366e-06,1.7826679215072994e-06,2.063199042662749e-06,0.0,4.260521808986526e-06,2.065136313351897e-06,2.7695524292196075e-06,7.865878020980806e-06,2.164414713402633e-06,1.1546996100925827e-07,1.7332782196173958e-06,2.17219696932419e-06,2.1669170477987555e-06,1.9273203858475644e-06,2.3236031054826417e-06,1.7054414922483998e-06,1.8716800660739501e-06,1.961340910470353e-06,2.1727795836410184e-06,2.920267191259697e-06,2.173728945963363e-06,2.9091921161455425e-06,2.355716696875837e-06,3.160208767800795e-06,2.591185636373945e-06,3.7315599874728136e-06,3.7265665797296486e-06,2.886197016049258e-06,2.401846347324115e-06,6.0922008913397574e-06,4.279813128873272e-07,1.0141127269476037e-05,2.180325594864438e-06,1.6741484535446042e-06,2.6469831336522238e-06,6.473374103286183e-07,2.242990715187513e-06,2.113578592180255e-06,2.2015413235421816e-06,2.0207664297122216e-06,2.1153832287119967e-06,1.184940760950317e-06,2.364205688046712e-06,2.261216918538996e-06,2.014370153427475e-06,3.0716254264816395e-06,1.4067835209594782e-06,1.6162119267024e-06,2.536136672438869e-06,1.6370116702915288e-06,1.5080945364480015e-06,2.588645579214625e-07,3.259266502073708e-06,1.7305419103699367e-06,4.0284885413129636e-07,1.0322068081753387e-05,5.311313865910335e-06,4.020926362947822e-06,4.342484615786306e-06,3.258900056053081e-06,4.271066539338093e-06,2.355796405434143e-06,0.0,0.0,0.0,0.0,0.0,0.0,0.0,0.0,0.0,0.0,0.0,0.0,0.0,0.0,0.0,0.0,0.0,0.0,0.0,0.0,0.0,0.0,0.0,0.0,0.0,0.0,0.0,0.0,0.0,0.0,0.0,0.0,0.0,0.0,0.0,0.0,0.0,0.0,0.0,0.0,0.0,0.0,0.0,0.0,0.0,0.0,0.0,0.0,0.0
1.75,0.0,0.0,0.0,0.0,0.0,0.0,0.0,0.0,0.0,0.0,0.0,0.0,9.001927683384623e-07,1.5988809660530163e-06,1.158352590945158e-06,1.083091442911083e-06,1.8717466703186524e-07,1.0735719358889424e-06,1.1989573866565635e-06,6.776409139549245e-07,7.521384235554712e-07,6.794894800552407e-07,8.22055868560939e-07,0.0,1.2611891121543948e-06,9.18989999273872e-07,1.2292665862311626e-06,2.572007932157488e-06,8.641143771711195e-07,2.1450186734600612e-07,8.153313549091527e-07,7.97843057887769e-07,9.823028321755258e-07,1.0551086547595458e-06,1.2293246598224123e-06,7.830522797484671e-07,9.434874832977888e-07,5.817639633399853e-07,7.557494203968756e-07,1.2017249418435815e-06,9.511346855630257e-07,1.1636768464582173e-06,9.452554350258421e-07,1.19330620575037e-06,1.0025994464994179e-06,1.9233536771354428e-06,1.357502001808922e-06,1.041021920543236e-06,1.061098958969826e-06,2.382005000304896e-06,8.213791725117376e-07,3.0752863703820613e-06,8.100169941565373e-07,6.805774367987871e-07,1.2102529027874985e-06,1.1832167690543578e-06,6.249837809915529e-07,1.0357697813597631e-06,6.623428159706402e-07,8.605282153746288e-07,7.893785336621848e-07,7.848930177513532e-07,1.1046847413862208e-06,1.2542875015096585e-06,8.90533098839477e-07,1.2895629864473377e-06,5.688086927619663e-07,8.776681550748352e-07,1.0243953195948822e-06,8.365075555070773e-07,6.767115473043365e-07,6.045836944641293e-07,1.0977883283499056e-06,7.759425821299954e-07,4.027408372780637e-07,4.347871456049977e-06,2.248466751225796e-06,1.8992698841321187e-06,1.594501718213058e-06,1.2321883203492482e-06,1.4082976156736416e-06,1.250884723847405e-06,0.0,0.0,0.0,0.0,0.0,0.0,0.0,0.0,0.0,0.0,0.0,0.0,0.0,0.0,0.0,0.0,0.0,0.0,0.0,0.0,0.0,0.0,0.0,0.0,0.0,0.0,0.0,0.0,0.0,0.0,0.0,0.0,0.0,0.0,0.0,0.0,0.0,0.0,0.0,0.0,0.0,0.0,0.0,0.0,0.0,0.0,0.0,0.0
2.0,0.0,0.0,0.0,0.0,0.0,0.0,0.0,0.0,0.0,0.0,0.0,0.0,0.0,4.501571505232434e-07,6.368868188434232e-07,6.263892138282935e-07,4.999556289379318e-07,1.4034337470427312e-07,3.582429860160192e-07,4.044038740726453e-07,2.648790197451416e-07,6.113590511707526e-07,2.4609286237380703e-07,3.70581428727395e-07,0.0,5.91102947001539e-07,4.784427664980978e-07,3.704597911315097e-07,8.074114935706035e-07,4.127666453180317e-07,2.806156085796539e-07,3.8973644327199674e-07,3.253521349008149e-07,3.882007247830121e-07,4.1226234436313207e-07,3.8773691533312094e-07,2.3043393521294608e-07,1.9857557766628423e-07,4.229298837762247e-07,3.970344476161825e-07,4.71010837299951e-07,4.976763941589803e-07,5.417116354202046e-07,5.018347851799695e-07,5.329686308631329e-07,5.530094367431256e-07,8.613593211182911e-07,7.693077622991256e-07,4.318897327403513e-07,6.407491382624911e-07,1.3972551304032809e-06,9.835367423918924e-07,7.781049171239505e-07,4.1367294736756356e-07,4.881628613122162e-07,7.352730926811733e-07,1.1277289458919503e-06,4.62006382020277e-07,7.920592445692307e-07,5.332519715730579e-07,4.536115125225402e-07,3.849426846005476e-07,6.264251171414971e-07,5.2380605064508e-07,5.326190151455923e-07,3.301361899269539e-07,8.758482977167048e-07,3.925386364274393e-07,3.686701442911744e-07,5.705937400429294e-07,5.77540192672123e-07,4.564154053655114e-07,3.1643236432250407e-07,6.195526935761413e-07,4.358111948117266e-07,2.9458707110060524e-07,2.3871937040587284e-06,1.039917780745681e-06,9.87087325751211e-07,8.805469297117173e-07,4.570408615196394e-07,6.234277930344414e-07,5.223118154055079e-07,0.0,0.0,0.0,0.0,0.0,0.0,0.0,0.0,0.0,0.0,0.0,0.0,0.0,0.0,0.0,0.0,0.0,0.0,0.0,0.0,0.0,0.0,0.0,0.0,0.0,0.0,0.0,0.0,0.0,0.0,0.0,0.0,0.0,0.0,0.0,0.0,0.0,0.0,0.0,0.0,0.0,0.0,0.0,0.0,0.0,0.0,0.0
2.25,0.0,0.0,0.0,0.0,0.0,0.0,0.0,0.0,0.0,0.0,0.0,0.0,0.0,0.0,2.3799717759147092e-07,5.230649408662009e-07,3.28810106683222e-07,2.3328123385777177e-07,2.6527078888942323e-07,2.387643263925396e-07,1.295650084818113e-07,1.7677589059693685e-07,2.5893051340742196e-07,1.9684790985216113e-07,2.7412932253969023e-07,0.0,2.3679122630624232e-07,3.1446858909114e-07,2.221566119694873e-07,2.971070684742661e-07,2.0641098056877989e-07,3.9589700917459974e-07,1.6913304935894347e-07,1.4770915653492635e-07,1.636289765318413e-07,8.236411905331472e-08,1.9376400267859358e-07,2.2999897834453822e-07,2.979033857613502e-07,2.470089073882093e-07,1.51170140027389e-07,1.1773685464485786e-07,2.714232812595705e-07,3.210143024712323e-07,2.508158751014116e-07,3.8599450196783673e-07,4.143667441958356e-07,5.650078608413663e-07,4.86334566083384e-07,3.931030695413874e-07,3.4039797970194825e-07,6.346042595145582e-07,9.664953731081672e-07,4.370827629324096e-07,4.926945164308217e-07,4.707284734082086e-07,5.061138553729045e-07,1.541969179450463e-06,2.1761872182568613e-07,3.8597878827159975e-07,5.180787911494872e-07,5.162477641974196e-07,3.296419297502281e-07,3.997923212155392e-07,3.822881753963068e-07,4.937841126481091e-07,4.2911959348510633e-07,6.170092006098212e-07,2.84709296759089e-07,5.617076192478945e-07,5.20316618368976e-07,4.1225240047211147e-07,3.2139516083087487e-07,6.326953549721471e-07,2.831860411936575e-07,3.4144498694296705e-07,5.107602085294635e-07,1.030833644934451e-06,3.3577182585281553e-07,4.388824706391284e-07,2.936724148453241e-07,4.3775616694969597e-07,4.6155269511349784e-07,3.004838580862183e-07,0.0,0.0,0.0,0.0,0.0,0.0,0.0,0.0,0.0,0.0,0.0,0.0,0.0,0.0,0.0,0.0,0.0,0.0,0.0,0.0,0.0,0.0,0.0,0.0,0.0,0.0,0.0,0.0,0.0,0.0,0.0,0.0,0.0,0.0,0.0,0.0,0.0,0.0,0.0,0.0,0.0,0.0,0.0,0.0,0.0,0.0
2.5,0.0,0.0,0.0,0.0,0.0,0.0,0.0,0.0,0.0,0.0,0.0,0.0,0.0,0.0,0.0,2.1169575657443663e-07,2.281974976318805e-07,2.193837791707951e-07,1.9984778260558208e-07,2.807620005477979e-07,5.1191362065122336e-08,6.480850738684126e-08,1.3249287703571625e-07,2.3507486194053358e-07,1.8703057540409332e-07,2.418136877767437e-07,0.0,1.9721984703786443e-07,1.88681153454684e-07,2.0745748303364545e-07,2.761452988195893e-07,1.9338071728156837e-07,3.132921550918846e-07,1.5199592178053425e-07,1.6269787389376538e-07,2.451134789617876e-07,1.8129819462268894e-07,3.8773691533312094e-07,1.688708301493506e-07,2.1521027417822036e-07,2.294273711654127e-07,2.644414298121446e-07,2.3556886299767218e-07,2.938439599967161e-07,1.2036420281945924e-07,2.506806461621468e-07,2.9401227824675195e-07,3.622786624009332e-07,3.390958835658672e-07,4.86139041599566e-07,2.358300715414105e-07,4.804334470559339e-07,4.1282537943733295e-07,1.9119898958034145e-06,4.5614748251634217e-07,3.4946608571424577e-07,5.056647882556598e-07,4.0826584834948734e-07,2.093516731275531e-06,3.8067971586881754e-07,4.261497240528341e-07,4.609446960714332e-07,6.10356281237526e-07,4.5673632736053763e-07,7.190489379380874e-07,4.528998327101242e-07,7.788670941190595e-07,4.131127199042385e-07,6.934880088988381e-07,5.955758621657699e-07,6.84765113977573e-07,4.7033976941794387e-07,3.06408824583576e-07,2.1966782709857464e-07,4.6094393250858957e-07,3.190128466473345e-07,4.121987997124266e-07,4.6507507125531436e-07,7.056827437118781e-07,3.1894052121864293e-07,3.2894067178530026e-07,1.6486052799331767e-07,2.3826451936328092e-07,2.770421539030114e-07,2.3725580446325613e-07,0.0,0.0,0.0,0.0,0.0,0.0,0.0,0.0,0.0,0.0,0.0,0.0,0.0,0.0,0.0,0.0,0.0,0.0,0.0,0.0,0.0,0.0,0.0,0.0,0.0,0.0,0.0,0.0,0.0,0.0,0.0,0.0,0.0,0.0,0.0,0.0,0.0,0.0,0.0,0.0,0.0,0.0,0.0,0.0,0.0
2.75,0.0,0.0,0.0,0.0,0.0,0.0,0.0,0.0,0.0,0.0,0.0,0.0,0.0,0.0,0.0,0.0,1.4573745630426714e-07,1.95781342782002e-07,1.408428442680327e-07,1.4988583695418654e-07,2.963201682649397e-07,8.536494941469438e-08,1.4589722415941315e-07,1.4735285314614254e-07,1.411777993204642e-07,1.3779353689651278e-07,2.5793460029519325e-07,0.0,1.5756392723046575e-07,1.636337239840945e-07,2.813606339629651e-07,1.4875374115659008e-07,2.3171550937814455e-07,4.1283656852159815e-07,1.857231413313428e-07,2.3623977504421783e-07,1.8403304742777012e-07,1.1530976667464061e-07,3.5528186076484493e-07,2.6091175151133126e-07,9.927445266271456e-08,2.1172192061846515e-07,2.8321628570677646e-07,2.3547370928971572e-07,2.9404188803120144e-07,2.2084559126749225e-07,1.930133789153729e-07,2.0235023544001762e-07,3.9699471548251773e-07,3.389135984517342e-07,4.461057241366557e-07,3.5336432678756023e-07,5.407766201196864e-07,5.398485731103587e-07,1.959441008056633e-06,5.130284135656568e-07,3.495601040316293e-07,6.446418450053812e-07,5.058424806515251e-07,2.450300203072071e-06,4.754038542158596e-07,8.735309418778313e-07,5.7610398446478e-07,8.445428013587942e-07,8.205923903878214e-07,9.311046412640037e-07,6.245816722299859e-07,8.36526233557744e-07,5.94245141868517e-07,6.670922715359066e-07,5.680481516565218e-07,5.441542561463978e-07,4.026646602334053e-07,5.77462784792124e-07,3.0456077733656323e-07,6.334582513004898e-07,4.2477906179048636e-07,3.0628659719890304e-07,6.194351974383878e-07,7.606747663315786e-07,3.1876978218158787e-07,2.9278518383999994e-07,2.1987263877399016e-07,2.5860469320571474e-07,1.1551107424305651e-07,2.0553928369559634e-07,0.0,0.0,0.0,0.0,0.0,0.0,0.0,0.0,0.0,0.0,0.0,0.0,0.0,0.0,0.0,0.0,0.0,0.0,0.0,0.0,0.0,0.0,0.0,0.0,0.0,0.0,0.0,0.0,0.0,0.0,0.0,0.0,0.0,0.0,0.0,0.0,0.0,0.0,0.0,0.0,0.0,0.0,0.0,0.0
3.0,0.0,0.0,0.0,0.0,0.0,0.0,0.0,0.0,0.0,0.0,0.0,0.0,0.0,0.0,0.0,0.0,0.0,5.2952515784615426e-08,9.803518855450938e-08,1.7209498579355894e-07,6.66517811022205e-08,2.807620005477979e-07,2.7283677018423404e-07,9.72127610802619e-08,2.0598935835433107e-07,2.11482066320776e-07,1.0826635041868858e-07,1.7730616772883e-07,0.0,2.2354589738509554e-07,2.139537623265685e-07,2.3696705276745305e-07,2.3378738669441172e-07,1.8041618405337435e-07,4.6156969103942564e-07,3.880709029161335e-07,2.3611339292569738e-07,4.494955760645404e-07,3.4606835776210646e-07,4.84279543457406e-07,2.6105267063178035e-07,3.4755395005490853e-07,1.9407842723359307e-07,2.454541142792062e-07,3.2966319300560195e-07,3.166178411801487e-07,4.214444418221234e-07,4.0505485310685757e-07,4.77450245277209e-07,2.935097771387169e-07,4.7467041146962843e-07,5.673142694126839e-07,4.3247163752712095e-07,7.005385179695337e-07,7.927230811535351e-07,2.380165047817516e-06,7.405449640008752e-07,7.63601047087936e-07,7.493784080379373e-07,7.184515084011881e-07,3.3753262493914765e-06,7.47763727599463e-07,9.335962232054841e-07,9.933817023841377e-07,1.206032140474614e-06,9.295094989309545e-07,1.0376551760102638e-06,6.79076295523365e-07,7.60174243339187e-07,8.586989990178795e-07,1.0511138730623613e-06,8.245813039734086e-07,8.776681550748352e-07,6.88528001694921e-07,5.776950707071649e-07,5.073308633310182e-07,8.350131494415548e-07,4.074630940302582e-07,5.650749095085508e-07,6.66339385554506e-07,3.2552641418982664e-07,4.025488183531668e-07,3.2902910858373696e-07,3.1165240856897465e-07,3.3808465576140805e-07,3.691439664468437e-07,2.52937633483884e-07,0.0,0.0,0.0,0.0,0.0,0.0,0.0,0.0,0.0,0.0,0.0,0.0,0.0,0.0,0.0,0.0,0.0,0.0,0.0,0.0,0.0,0.0,0.0,0.0,0.0,0.0,0.0,0.0,0.0,0.0,0.0,0.0,0.0,0.0,0.0,0.0,0.0,0.0,0.0,0.0,0.0,0.0,0.0
3.25,0.0,0.0,0.0,0.0,0.0,0.0,0.0,0.0,0.0,0.0,0.0,0.0,0.0,0.0,0.0,0.0,0.0,0.0,1.1906279955456224e-07,1.304334967045488e-07,1.7202562994221813e-07,9.997767165333076e-08,3.116653310248906e-07,1.705689196683158e-07,1.781280631954322e-07,1.6189224840487572e-07,2.11624286943722e-07,9.847673623988996e-08,1.9352911222148442e-07,0.0,1.4482269909908694e-07,1.6369982971691866e-07,2.073461711715214e-07,2.764805170134625e-07,1.0302600247519972e-07,7.258111834867662e-07,2.1913956535352908e-07,1.9227930551081364e-07,2.2474778803227015e-07,3.2936824469847224e-07,3.233319748001525e-07,4.4448490789812897e-07,4.303048905441725e-07,3.525842202060515e-07,2.645477450479308e-07,5.426123633424865e-07,6.330651367954279e-07,4.811984150286605e-07,4.44530515860269e-07,3.308081157081514e-07,6.209657172589573e-07,6.783741993488513e-07,1.0330454633990778e-06,4.7216894582616815e-07,6.410918306749859e-07,9.198056355539768e-07,2.9964578611062314e-06,9.49035430757312e-07,8.420088042347006e-07,8.549701710503923e-07,1.061633630397478e-06,3.5226068523619882e-06,1.372798322021815e-06,1.5648610730565354e-06,1.1825912188852318e-06,1.4887604229684327e-06,1.3324254831009754e-06,1.2777967376784456e-06,8.497574933740159e-07,1.272782812340902e-06,1.0069153792772094e-06,1.3329427810984714e-06,8.655971834766047e-07,1.1228119815547257e-06,1.006930129487523e-06,7.312552592143618e-07,6.927985316185815e-07,6.33628033731822e-07,5.486729548127115e-07,6.355396602640361e-07,7.288131874249331e-07,4.344397790439284e-07,2.8529143107048557e-07,2.7396995061052376e-07,2.7469433387997504e-07,3.185391032232335e-07,3.6934039798413096e-07,3.0084569307722393e-07,0.0,0.0,0.0,0.0,0.0,0.0,0.0,0.0,0.0,0.0,0.0,0.0,0.0,0.0,0.0,0.0,0.0,0.0,0.0,0.0,0.0,0.0,0.0,0.0,0.0,0.0,0.0,0.0,0.0,0.0,0.0,0.0,0.0,0.0,0.0,0.0,0.0,0.0,0.0,0.0,0.0,0.0
3.5,0.0,0.0,0.0,0.0,0.0,0.0,0.0,0.0,0.0,0.0,0.0,0.0,0.0,0.0,0.0,0.0,0.0,0.0,0.0,2.1172432164751375e-07,1.469344622340719e-07,1.251936393493624e-07,8.332593815632197e-08,3.901041013079754e-07,1.3636329623018724e-07,2.750313737995083e-07,2.650569580897239e-07,3.0547409579667644e-07,1.7713938318649659e-07,2.4184624650675265e-07,0.0,3.940156793548734e-07,1.761024098910384e-07,2.0748532967566334e-07,4.2495341766873866e-07,3.092848869486417e-07,7.096015659817404e-07,2.8687332627343703e-07,3.2522136635784826e-07,4.088522731695765e-07,2.8003800478127013e-07,3.87162954080441e-07,4.143333369702593e-07,5.292504834041603e-07,4.234438412369303e-07,2.2675521004108352e-07,4.94961294026807e-07,6.561163756782999e-07,8.427756986189155e-07,7.529553497477598e-07,6.983726887172085e-07,1.0011171086080882e-06,8.824799224503797e-07,1.1534981429894106e-06,6.677354886054279e-07,9.606102180349043e-07,8.562558304679419e-07,3.16967246977888e-06,1.4237436899916954e-06,1.1438610170735554e-06,1.2015284277446774e-06,1.4207651522562158e-06,3.739755064742035e-06,1.2929775354952615e-06,1.8466488042289482e-06,1.94409152782913e-06,2.2864555805654477e-06,1.5117249386239676e-06,2.1319404655624993e-06,1.2742939179876894e-06,1.63546478768244e-06,1.388803305722215e-06,1.332588416408561e-06,1.1483928674156657e-06,1.1069026166053386e-06,1.1260570818839131e-06,8.248362823704938e-07,6.257914147236068e-07,6.621630939369036e-07,6.727475967862492e-07,7.422550982321604e-07,5.118572904648199e-07,3.257864539295601e-07,5.031860229414584e-07,2.740435687619709e-07,2.016036655211913e-07,3.779607054545061e-07,3.004087847200631e-07,2.8504984809218514e-07,0.0,0.0,0.0,0.0,0.0,0.0,0.0,0.0,0.0,0.0,0.0,0.0,0.0,0.0,0.0,0.0,0.0,0.0,0.0,0.0,0.0,0.0,0.0,0.0,0.0,0.0,0.0,0.0,0.0,0.0,0.0,0.0,0.0,0.0,0.0,0.0,0.0,0.0,0.0,0.0,0.0
3.75,0.0,0.0,0.0,0.0,0.0,0.0,0.0,0.0,0.0,0.0,0.0,0.0,0.0,0.0,0.0,0.0,0.0,0.0,0.0,0.0,1.5872898715906302e-07,1.3048592174341718e-07,3.130682678230156e-07,1.3323185507038806e-07,3.430615826104454e-07,1.1951092918057212e-07,2.5919934940963303e-07,2.2096986324617105e-07,1.8831310065994324e-07,2.755870737930256e-07,3.7053157248782455e-07,0.0,3.415261471564448e-07,4.030076968173097e-07,3.704597911315097e-07,5.747714421360346e-07,4.761767485724993e-07,6.9300603296402e-07,3.5423099403120773e-07,3.838382711026678e-07,3.6762079375946543e-07,4.772644151668509e-07,4.84279543457406e-07,5.67177873281334e-07,5.633118628673602e-07,6.873537588786279e-07,6.612807428472662e-07,7.299684987981188e-07,7.231135098393151e-07,9.030952324759787e-07,9.843682324684018e-07,1.0101260916524502e-06,1.0527575283510623e-06,9.720748662221529e-07,1.4171458779194418e-06,1.138312059065992e-06,1.5824838666771362e-06,1.27074426474991e-06,3.4659506956309492e-06,1.7089499169250962e-06,1.2564216265977908e-06,1.5163866757438385e-06,1.7151767661175164e-06,3.4514873242684168e-06,1.960407527883224e-06,2.0924113258934084e-06,2.043805516936347e-06,2.4107709488951e-06,2.551934417327022e-06,2.129376667568103e-06,1.5720513627419294e-06,1.6909368350545266e-06,1.5689871684100452e-06,1.8478242793023357e-06,1.409233378397184e-06,1.3698983317659122e-06,1.3264988975786695e-06,1.095707079748707e-06,7.4487895716946e-07,9.77801912229682e-07,8.501291399296623e-07,6.712055865029743e-07,5.426603941326939e-07,4.342663038226943e-07,5.876006952424273e-07,2.9243100821438704e-07,4.2175987559917407e-07,4.37286723339026e-07,3.463026923787643e-07,4.906565538657801e-07,0.0,0.0,0.0,0.0,0.0,0.0,0.0,0.0,0.0,0.0,0.0,0.0,0.0,0.0,0.0,0.0,0.0,0.0,0.0,0.0,0.0,0.0,0.0,0.0,0.0,0.0,0.0,0.0,0.0,0.0,0.0,0.0,0.0,0.0,0.0,0.0,0.0,0.0,0.0,0.0
4.0,0.0,0.0,0.0,0.0,0.0,0.0,0.0,0.0,0.0,0.0,0.0,0.0,0.0,0.0,0.0,0.0,0.0,0.0,0.0,0.0,0.0,3.045591901649309e-07,1.1417518152549007e-07,3.4460677860330247e-07,1.6660703523197323e-07,4.054907565730753e-07,2.388930229705709e-07,2.751416510143437e-07,3.6803576954365625e-07,3.526597125306108e-07,2.0671800439399788e-07,4.0275170922589626e-07,0.0,4.998253176281378e-07,5.038274765740377e-07,3.557846492443668e-07,2.976278170100845e-07,3.6049455527048454e-07,5.615332791706959e-07,5.392765655430418e-07,5.464507264715339e-07,6.738808676645004e-07,4.610538053248718e-07,4.841491504731685e-07,6.435632959671289e-07,7.450587702357963e-07,5.819995270989297e-07,8.881245726609104e-07,7.296737605078906e-07,1.2445263468490404e-06,9.836345690781264e-07,1.2532343085424307e-06,9.557959096346434e-07,1.519549024096404e-06,1.2205810580647588e-06,1.4770893327441162e-06,1.4713614790266838e-06,1.882955486932289e-06,1.6826050637650171e-06,3.5812876936634225e-06,2.201467570399469e-06,1.859274293778496e-06,2.1801720710399824e-06,2.3522424221040216e-06,2.7687727614472226e-06,2.6894275181354343e-06,3.028922674409433e-06,2.696164338569611e-06,3.0521904373370985e-06,2.5117996338160164e-06,2.3559377350946343e-06,1.9699278467866653e-06,2.470895699691138e-06,2.312501395759771e-06,1.8986472343714264e-06,1.8932406979675247e-06,1.3882073786420325e-06,1.4426893662319298e-06,1.0605037916192062e-06,8.295242932114441e-07,8.353489006073938e-07,1.0100714758473305e-06,9.416658598748232e-07,7.128281798955179e-07,5.430497238049105e-07,6.371984517016653e-07,3.657845832405917e-07,4.951754778099489e-07,4.371109414590827e-07,5.540105969761964e-07,5.388601364742539e-07,0.0,0.0,0.0,0.0,0.0,0.0,0.0,0.0,0.0,0.0,0.0,0.0,0.0,0.0,0.0,0.0,0.0,0.0,0.0,0.0,0.0,0.0,0.0,0.0,0.0,0.0,0.0,0.0,0.0,0.0,0.0,0.0,0.0,0.0,0.0,0.0,0.0,0.0,0.0
4.25,0.0,0.0,0.0,0.0,0.0,0.0,0.0,0.0,0.0,0.0,0.0,0.0,0.0,0.0,0.0,0.0,0.0,0.0,0.0,0.0,0.0,0.0,2.9100314312494887e-07,1.4683600708650147e-07,2.035491136610422e-07,3.164682147236837e-07,3.273801283629423e-07,2.558189211348639e-07,3.883833629901791e-07,3.5321945106518326e-07,4.471834035646636e-07,4.0386290733735965e-07,5.477423245472189e-07,0.0,4.869341294065878e-07,5.40813224618975e-07,6.36592780155526e-07,5.102879146472023e-07,4.891117797011713e-07,8.080725324585835e-07,4.5525750333918726e-07,6.197147736195212e-07,7.764014495660242e-07,6.588247090955378e-07,9.680376553740773e-07,8.573912731409138e-07,8.933500806695124e-07,9.348526912045387e-07,9.061707737724277e-07,8.725450355866314e-07,1.3808511530288223e-06,1.3652272914717705e-06,1.5044894543968991e-06,1.322346883617753e-06,1.7256001093616326e-06,1.7411604449953847e-06,1.8642825033196387e-06,1.7074680885989883e-06,2.0599337525305188e-06,2.28549603898142e-06,4.0175940038108916e-06,3.0397611203723558e-06,2.5135201133311227e-06,2.8247481274971342e-06,3.3985956283929786e-06,2.3677058142044733e-06,2.9634665206719866e-06,3.477081862097306e-06,3.222741969293887e-06,3.2387152833190583e-06,3.1903427777202506e-06,2.6897756567313632e-06,2.2958871307873358e-06,2.035365522163514e-06,2.097488109348166e-06,2.02909454455586e-06,1.9876370059934427e-06,1.4222044674918825e-06,1.7628329538149853e-06,1.34492693383593e-06,1.1497968139941905e-06,5.468577825245034e-07,9.747614758668553e-07,6.939230628681945e-07,4.4993478660717905e-07,5.975934152594065e-07,8.052053709009951e-07,5.49267882670082e-07,4.951754778099489e-07,2.7812424111814213e-07,7.16454822531367e-07,3.4839425877933733e-07,0.0,0.0,0.0,0.0,0.0,0.0,0.0,0.0,0.0,0.0,0.0,0.0,0.0,0.0,0.0,0.0,0.0,0.0,0.0,0.0,0.0,0.0,0.0,0.0,0.0,0.0,0.0,0.0,0.0,0.0,0.0,0.0,0.0,0.0,0.0,0.0,0.0,0.0
4.5,0.0,0.0,0.0,0.0,0.0,0.0,0.0,0.0,0.0,0.0,0.0,0.0,0.0,0.0,0.0,0.0,0.0,0.0,0.0,0.0,0.0,0.0,0.0,3.043947857437893e-07,3.9172017156168354e-07,3.440050474922423e-07,4.0017991421976797e-07,3.587995415977057e-07,4.601641831719322e-07,2.429668861402747e-07,4.124216450427125e-07,4.23248573887444e-07,5.219966841982701e-07,5.486280418217866e-07,0.0,6.183714283244561e-07,7.180508743327575e-07,5.631744662625149e-07,4.885647594500425e-07,6.183214520289987e-07,7.587006387302756e-07,9.10393507478124e-07,1.019056760176644e-06,8.16715520547317e-07,7.577498952904955e-07,8.711166466809923e-07,1.1331338742087566e-06,1.0418220097699094e-06,1.270331523710791e-06,1.191263072410415e-06,1.294059977656525e-06,1.153393564299113e-06,1.4453405912984717e-06,1.6193460964794838e-06,1.507014749337134e-06,1.883181549188417e-06,1.7847051043650364e-06,2.225751049340449e-06,1.9241313440328387e-06,2.262947806330438e-06,2.0619100875239597e-06,3.334884841058087e-06,3.1140865152857308e-06,2.877087362646498e-06,2.8960424393735324e-06,3.2399854789741717e-06,2.0106075246187873e-06,3.7514092760200094e-06,3.5734604694767693e-06,3.7014681001862113e-06,3.10080962295862e-06,3.0983649964365162e-06,2.620744483000281e-06,2.5226414153095425e-06,2.741012311047412e-06,2.7588534291053056e-06,1.7188167203925164e-06,1.9757002402640947e-06,1.5635093638751478e-06,1.6786645860626317e-06,1.3433048027176613e-06,1.2343406973761162e-06,6.049078245777679e-07,1.1679855169795894e-06,1.0135078200967052e-06,5.735925878815544e-07,7.062467634883897e-07,4.194900655272008e-07,4.2059570102916474e-07,8.799597418418108e-07,5.76037324040461e-07,5.310681199923017e-07,4.5887854829815397e-07,0.0,0.0,0.0,0.0,0.0,0.0,0.0,0.0,0.0,0.0,0.0,0.0,0.0,0.0,0.0,0.0,0.0,0.0,0.0,0.0,0.0,0.0,0.0,0.0,0.0,0.0,0.0,0.0,0.0,0.0,0.0,0.0,0.0,0.0,0.0,0.0,0.0
4.75,0.0,0.0,0.0,0.0,0.0,0.0,0.0,0.0,0.0,0.0,0.0,0.0,0.0,0.0,0.0,0.0,0.0,0.0,0.0,0.0,0.0,0.0,0.0,0.0,3.17543634861655e-07,5.708759076274503e-07,2.971351789911041e-07,4.164615593486874e-07,1.8724996862782813e-07,4.2647974525716563e-07,3.8827958654048226e-07,5.443273731937893e-07,4.700865147221695e-07,4.337628630651849e-07,4.995465326064254e-07,0.0,5.784337420909867e-07,6.416885578927894e-07,5.479863095247351e-07,9.994486020797465e-07,5.534685928197464e-07,8.905289133217041e-07,8.096708434999033e-07,5.909948576946437e-07,7.564784920284138e-07,8.233103666515567e-07,8.719380120536711e-07,1.0276058646847065e-06,9.255669932496746e-07,1.180042688308438e-06,1.5119040140522406e-06,1.5062205260296326e-06,1.87683868006232e-06,1.604640620674992e-06,2.0635726961946563e-06,1.634786493210309e-06,2.138881915003075e-06,2.191641269987881e-06,2.3689754120599884e-06,2.060737348309124e-06,2.504599847896653e-06,3.0103278963220256e-06,3.3150819654015944e-06,3.2457011731900073e-06,3.4483976217943048e-06,3.082592850700885e-06,3.4802926386908876e-06,1.459363687694188e-06,3.762985543492553e-06,3.7205868548738737e-06,3.987391780819551e-06,3.1308713622014283e-06,3.3917818802696616e-06,2.859821398168012e-06,2.6650792622924513e-06,2.7552643125054985e-06,2.741231419941692e-06,1.8999114820970695e-06,2.0566182679442383e-06,1.4405367172782259e-06,1.6952251114602119e-06,1.3081299818760358e-06,8.800768076879179e-07,4.605734980597478e-07,1.2041877399521158e-06,7.895933017032471e-07,2.9458707110060524e-07,3.257864539295601e-07,9.053714329057146e-07,5.4816078535215e-07,7.888232912000802e-07,5.961402541560514e-07,6.236767657952378e-07,5.067552854972178e-07,0.0,0.0,0.0,0.0,0.0,0.0,0.0,0.0,0.0,0.0,0.0,0.0,0.0,0.0,0.0,0.0,0.0,0.0,0.0,0.0,0.0,0.0,0.0,0.0,0.0,0.0,0.0,0.0,0.0,0.0,0.0,0.0,0.0,0.0,0.0,0.0
5.0,0.0,0.0,0.0,0.0,0.0,0.0,0.0,0.0,0.0,0.0,0.0,0.0,0.0,0.0,0.0,0.0,0.0,0.0,0.0,0.0,0.0,0.0,0.0,0.0,0.0,2.5169433005930674e-07,2.611467810411224e-07,4.0671530773175176e-07,2.3328123385777177e-07,1.5599980069465467e-07,4.267096844647447e-07,2.586802585897205e-07,6.330215236150887e-07,5.168172327538088e-07,5.122163702815292e-07,5.641559882280954e-07,0.0,5.91341359053301e-07,6.2893717818228e-07,6.086977655105878e-07,7.870122390613063e-07,6.69400360425751e-07,6.429006410906285e-07,7.922738132012203e-07,9.599810059635056e-07,7.976912605927264e-07,9.563204114604843e-07,1.0979960151786968e-06,1.1496848782729748e-06,1.273851040954675e-06,1.4091961392112454e-06,1.3612609632554829e-06,1.601005657577287e-06,1.5376509667980456e-06,1.8648940788289524e-06,1.9457599194262745e-06,1.9648913940254376e-06,1.9517639671381667e-06,2.3746290829372453e-06,2.6293770835790797e-06,2.531422508349279e-06,2.6799138139717424e-06,3.518746104018953e-06,2.927411132905506e-06,3.497130699291957e-06,3.877460920358574e-06,3.157311033669966e-06,3.904069020019868e-06,1.308623941977543e-06,4.1228120675171835e-06,4.145308085291339e-06,4.3386561870102085e-06,3.1609089328209675e-06,3.459194612104122e-06,2.130515371668406e-06,2.957208151005179e-06,2.5659301496792584e-06,2.4281264655477595e-06,1.565101098603473e-06,2.0557933107569357e-06,2.0221677413110797e-06,1.7959315537251748e-06,1.167336358102289e-06,1.1831416779031324e-06,4.88900956114841e-07,1.3628328232444764e-06,7.780161860373444e-07,4.181187582709117e-07,5.971161677562046e-07,7.380061669808056e-07,4.5655526060868245e-07,5.498281786941582e-07,4.973834447551831e-07,9.243347222155785e-07,4.746384836882575e-07,0.0,0.0,0.0,0.0,0.0,0.0,0.0,0.0,0.0,0.0,0.0,0.0,0.0,0.0,0.0,0.0,0.0,0.0,0.0,0.0,0.0,0.0,0.0,0.0,0.0,0.0,0.0,0.0,0.0,0.0,0.0,0.0,0.0,0.0,0.0
5.25,0.0,0.0,0.0,0.0,0.0,0.0,0.0,0.0,0.0,0.0,0.0,0.0,0.0,0.0,0.0,0.0,0.0,0.0,0.0,0.0,0.0,0.0,0.0,0.0,0.0,0.0,3.1745797431812603e-07,2.4482510722605217e-07,3.4409748469430925e-07,3.333037526252878e-07,1.8727508262576644e-07,5.113623608632021e-07,4.372234278433336e-07,5.744444341666352e-07,4.2273685476264725e-07,5.409693178727056e-07,5.96393473269701e-07,0.0,5.38632849982606e-07,6.171055357515055e-07,4.745069509485261e-07,8.511685054034305e-07,8.123077989491265e-07,7.747776956733215e-07,7.089352425634592e-07,8.120742267144987e-07,8.986286069675821e-07,8.400015040968108e-07,1.00030557721988e-06,1.13496767144281e-06,1.2740221425048368e-06,1.075236804601393e-06,1.2839138285373866e-06,1.6732150648366125e-06,1.921804879557549e-06,2.0645891688044185e-06,1.9483836517879604e-06,2.019441271269857e-06,2.070441920817294e-06,2.3077138185088964e-06,2.833153333658201e-06,2.7446961295942e-06,3.0803120972216907e-06,3.584551382926268e-06,2.670399581333451e-06,3.629200999668165e-06,3.5572433828444436e-06,3.4873433672804123e-06,4.163753060052342e-06,9.90999467558008e-07,3.6878939939774925e-06,3.618931476325408e-06,3.6193992590325464e-06,3.067431567245002e-06,4.2039752790238445e-06,2.262462709291109e-06,2.8604660146616726e-06,2.337847469707769e-06,2.1983489605916855e-06,1.743542667937709e-06,1.7727173388670987e-06,1.545526323017952e-06,1.395338922444642e-06,9.91397853269577e-07,1.0311607306405998e-06,3.165170965127096e-07,1.0632331324708742e-06,6.357941136179387e-07,3.256836448652484e-07,2.7134420663838174e-07,6.541418298238961e-07,3.838156982813829e-07,5.135153103214285e-07,4.3687678533669937e-07,7.62373090004173e-07,3.490949712869386e-07,0.0,0.0,0.0,0.0,0.0,0.0,0.0,0.0,0.0,0.0,0.0,0.0,0.0,0.0,0.0,0.0,0.0,0.0,0.0,0.0,0.0,0.0,0.0,0.0,0.0,0.0,0.0,0.0,0.0,0.0,0.0,0.0,0.0,0.0
5.5,0.0,0.0,0.0,0.0,0.0,0.0,0.0,0.0,0.0,0.0,0.0,0.0,0.0,0.0,0.0,0.0,0.0,0.0,0.0,0.0,0.0,0.0,0.0,0.0,0.0,0.0,0.0,2.910423989111522e-07,2.93750746616481e-07,4.066606637296383e-07,2.1656001086131745e-07,1.5595798329733667e-07,3.0694136645726327e-07,3.0747016236722504e-07,5.595646893005283e-07,4.931267523611377e-07,5.220666850946356e-07,5.799624612852906e-07,0.0,5.516960838681031e-07,6.922033487036039e-07,4.5893898104235584e-07,6.373442426272657e-07,5.923202740619554e-07,6.431597707323417e-07,7.420001423291182e-07,1.0334107298917982e-06,7.75879744519951e-07,1.186043314367732e-06,6.127606304777978e-07,1.1503050724082536e-06,1.3065871309040207e-06,1.5345695119772619e-06,1.623773371385518e-06,1.8332392505548718e-06,1.9220637084975567e-06,1.8245439903170048e-06,2.718554423145888e-06,2.901428413607655e-06,1.8986703783946498e-06,2.394024226441085e-06,3.156519669973728e-06,2.5895962030869632e-06,2.802528441159614e-06,3.994788259735807e-06,2.21211653651126e-06,2.9989519611931063e-06,4.214011483228997e-06,3.7837675534992484e-06,3.9536046132357685e-06,9.223040090215095e-07,3.781125291721297e-06,3.4553528873650283e-06,4.043892786472387e-06,2.571105691617476e-06,3.2030287840181675e-06,2.049251224893346e-06,2.620437577380813e-06,2.3581120194491e-06,2.3290192628723404e-06,1.512578500260471e-06,1.6529177330921552e-06,1.1774987648565194e-06,1.9965456069906346e-06,7.78328614303359e-07,8.791393090911797e-07,2.0131215840022864e-07,9.922174713904724e-07,7.29791041402988e-07,2.479734947330817e-07,4.342663038226943e-07,6.034195484098613e-07,3.473551973076243e-07,4.395694966242436e-07,5.964599861239549e-07,6.697858826180839e-07,4.429959181090402e-07,0.0,0.0,0.0,0.0,0.0,0.0,0.0,0.0,0.0,0.0,0.0,0.0,0.0,0.0,0.0,0.0,0.0,0.0,0.0,0.0,0.0,0.0,0.0,0.0,0.0,0.0,0.0,0.0,0.0,0.0,0.0,0.0,0.0
5.75,0.0,0.0,0.0,0.0,0.0,0.0,0.0,0.0,0.0,0.0,0.0,0.0,0.0,0.0,0.0,0.0,0.0,0.0,0.0,0.0,0.0,0.0,0.0,0.0,0.0,0.0,0.0,0.0,3.8390573943846174e-07,3.4243378847023485e-07,4.070434803845747e-07,2.498769356092124e-07,1.4030576929840385e-07,2.727265924603745e-07,2.748844749485004e-07,4.5624179095919503e-07,3.5284951861916344e-07,4.1343600878799576e-07,3.061736812749059e-07,0.0,5.259195921009717e-07,5.414686675251926e-07,3.851747940251864e-07,1.0003930054564414e-06,7.213750273671652e-07,4.942734304141271e-07,1.0111435603932035e-06,9.314405220005586e-07,6.943015000179701e-07,8.727089886506502e-07,5.807444311206616e-07,7.825240469639631e-07,1.2559581165731406e-06,9.697374390041763e-07,1.360896013935575e-06,2.1640271416047625e-06,1.3571164062978523e-06,2.286305997750756e-06,1.8687001206371151e-06,2.350524284441645e-06,2.0712767764305274e-06,2.3507487044210167e-06,2.714276315597577e-06,3.1005019869704342e-06,2.8610536688451628e-06,4.883829551557891e-06,2.1470542854373987e-06,2.9625765056896284e-06,4.082948352609774e-06,2.6660369940338797e-06,3.448539617019246e-06,9.082941124595824e-07,3.603344295114605e-06,3.0488407829691423e-06,3.487756138396758e-06,2.1907289633412647e-06,3.3157489329482694e-06,1.7978627008212639e-06,2.71015768804195e-06,1.90398924779192e-06,2.1151371259097013e-06,1.4638352189970678e-06,1.4622593699888e-06,1.2310503539691844e-06,1.4095142209916936e-06,8.72320489321813e-07,8.456640739508201e-07,1.438906725576659e-07,1.0450908892518958e-06,6.353701378153128e-07,2.4790698715772085e-07,4.342085095315281e-07,7.209439187952912e-07,3.4782282681396196e-07,6.052144728788266e-07,5.165856580880069e-07,6.933433766432584e-07,4.2706044803386115e-07,0.0,0.0,0.0,0.0,0.0,0.0,0.0,0.0,0.0,0.0,0.0,0.0,0.0,0.0,0.0,0.0,0.0,0.0,0.0,0.0,0.0,0.0,0.0,0.0,0.0,0.0,0.0,0.0,0.0,0.0,0.0,0.0
6.0,0.0,0.0,0.0,0.0,0.0,0.0,0.0,0.0,0.0,0.0,0.0,0.0,0.0,0.0,0.0,0.0,0.0,0.0,0.0,0.0,0.0,0.0,0.0,0.0,0.0,0.0,0.0,0.0,0.0,1.8518381835224021e-07,3.7539849774661337e-07,2.97494858427677e-07,2.1682250784417968e-07,2.0279974090305107e-07,4.6022612477688206e-07,3.8822771910973954e-07,5.296158225669301e-07,5.171646962691739e-07,4.133252274351587e-07,3.0629733785054195e-07,0.0,6.56340022777099e-07,5.287339721849674e-07,6.371053347289199e-07,7.437687057829505e-07,6.056829036077565e-07,5.276499454179111e-07,7.755203952591426e-07,9.160420294266977e-07,4.6967454412980326e-07,9.378204476940928e-07,3.548993745737376e-07,7.679056594109564e-07,9.927445266271455e-07,1.359283143021336e-06,1.2267777576208755e-06,1.8347186635344727e-06,1.1761675521248057e-06,2.1671375107343537e-06,1.8889825670039463e-06,2.276765694223317e-06,1.742856110455249e-06,2.0095370369868612e-06,2.6115974035944004e-06,2.8677207622511777e-06,2.6641816995956853e-06,3.933490013122631e-06,1.9353440267541958e-06,2.773410500504476e-06,3.086636607281051e-06,3.0311543613093837e-06,3.5932215182683884e-06,8.804151377478266e-07,3.2204562511413424e-06,2.4567540727652788e-06,3.266339087869774e-06,1.815662003749248e-06,2.804514145969352e-06,1.7310437394805802e-06,2.3979929281627725e-06,1.5779926678475631e-06,2.0316976548460844e-06,9.74851274252472e-07,1.24546164606276e-06,9.302033010212299e-07,1.0071987516375794e-06,7.305692786710088e-07,5.071957552449113e-07,3.7421596717354493e-07,5.672865690650125e-07,5.296870461795879e-07,2.479734947330817e-07,1.0871127351125893e-07,6.035809552704764e-07,3.110842578299999e-07,5.139953593561841e-07,3.773532143661785e-07,4.388252334394343e-07,4.906565538657801e-07,0.0,0.0,0.0,0.0,0.0,0.0,0.0,0.0,0.0,0.0,0.0,0.0,0.0,0.0,0.0,0.0,0.0,0.0,0.0,0.0,0.0,0.0,0.0,0.0,0.0,0.0,0.0,0.0,0.0,0.0,0.0
6.25,0.0,0.0,0.0,0.0,0.0,0.0,0.0,0.0,0.0,0.0,0.0,0.0,0.0,0.0,0.0,0.0,0.0,0.0,0.0,0.0,0.0,0.0,0.0,0.0,0.0,0.0,0.0,0.0,0.0,0.0,1.7184051355039776e-07,2.610068122451737e-07,2.0346701533609156e-07,2.498097282569776e-07,9.356224980284877e-08,2.7276330847982256e-07,2.2649642548194798e-07,3.824489808646653e-07,2.583738980353249e-07,3.838534242117142e-07,3.388128404645531e-07,0.0,4.203963707181315e-07,3.647345003244249e-07,5.624195407045222e-07,7.011731391534189e-07,4.6355499709196503e-07,5.935264564005771e-07,6.062009813888722e-07,8.272820238544703e-07,6.940216525774148e-07,7.906955429118213e-07,5.808225932244463e-07,6.281557260554046e-07,1.1078207182315873e-06,1.0581809583616905e-06,1.0208088480988796e-06,1.9055410593283851e-06,1.1745851929802814e-06,2.0851931317908625e-06,1.8113931231808986e-06,2.184083835929567e-06,1.5702960995190857e-06,2.1040920109934057e-06,1.942733714508481e-06,2.5689417685614867e-06,2.6206153204772485e-06,4.217286791736806e-06,1.5122942202554087e-06,2.621442801846696e-06,3.4927820072192633e-06,2.755369329792161e-06,3.0415783764054625e-06,9.637307371565395e-07,2.7569733804984933e-06,2.4780569076425343e-06,2.348250438172006e-06,1.565016105737246e-06,1.9720483330056326e-06,1.145918000239843e-06,2.2235321076620084e-06,1.2936759507257857e-06,1.5869909590116934e-06,9.253903990746096e-07,1.257989110088764e-06,7.731787931677142e-07,1.0411886854898805e-06,5.894847660277194e-07,6.259581812565112e-07,5.7563977107842456e-08,7.619837449374596e-07,4.002613942352235e-07,2.479734947330817e-07,1.0856657595567355e-07,4.3626966814828883e-07,1.8294150251539077e-07,4.949773547860186e-07,2.584659939870471e-07,4.3888365000405626e-07,2.0581425263699512e-07,0.0,0.0,0.0,0.0,0.0,0.0,0.0,0.0,0.0,0.0,0.0,0.0,0.0,0.0,0.0,0.0,0.0,0.0,0.0,0.0,0.0,0.0,0.0,0.0,0.0,0.0,0.0,0.0,0.0,0.0
6.5,0.0,0.0,0.0,0.0,0.0,0.0,0.0,0.0,0.0,0.0,0.0,0.0,0.0,0.0,0.0,0.0,0.0,0.0,0.0,0.0,0.0,0.0,0.0,0.0,0.0,0.0,0.0,0.0,0.0,0.0,0.0,1.5868617998884755e-07,2.1215331700079178e-07,2.0343966394271392e-07,1.6662945275555127e-07,2.183411766162713e-07,4.432403762797117e-07,2.426747415878014e-07,4.1175760911885464e-07,1.6457453251428508e-07,4.825360075754607e-07,3.388128404645531e-07,0.0,3.026072947119678e-07,2.6408256760287376e-07,3.5525996347661135e-07,7.008897987146446e-07,5.407418329057267e-07,4.6150771041755925e-07,3.7104959727204326e-07,6.198805614134268e-07,5.714704637123603e-07,6.090050582314177e-07,3.550427103469903e-07,5.370263067399748e-07,7.60695435705013e-07,8.811039245338013e-07,6.793552103827215e-07,1.9753195114583347e-06,9.49853523540446e-07,1.7651046827424912e-06,1.4464294599495253e-06,1.6887612935911508e-06,1.5010703925925384e-06,1.6726481166072618e-06,2.105755921831101e-06,2.278769852456332e-06,1.88144630540389e-06,2.7627544623883056e-06,1.4801662119303284e-06,1.7685195084245997e-06,2.6354627872654443e-06,1.987785719349835e-06,2.5009356032783835e-06,1.0051686045032214e-06,2.675486482552725e-06,1.969728721650121e-06,1.7417848573255082e-06,1.2525164425270228e-06,1.8967328193576469e-06,1.065685099644221e-06,2.0110927343185045e-06,1.2542875015096585e-06,1.3707993155582502e-06,1.0014380650614279e-06,1.0956679345934398e-06,5.973760153108176e-07,7.223075030346993e-07,6.257768266599725e-07,5.410808536443248e-07,2.3016343617898774e-07,5.312592970376981e-07,3.530775890355756e-07,1.5514992641626866e-07,1.6298002234347453e-07,4.862830289302182e-07,1.464122948260457e-07,2.9371163391781954e-07,1.392486809569233e-07,5.312094931108942e-07,2.532759663269602e-07,0.0,0.0,0.0,0.0,0.0,0.0,0.0,0.0,0.0,0.0,0.0,0.0,0.0,0.0,0.0,0.0,0.0,0.0,0.0,0.0,0.0,0.0,0.0,0.0,0.0,0.0,0.0,0.0,0.0
6.75,0.0,0.0,0.0,0.0,0.0,0.0,0.0,0.0,0.0,0.0,0.0,0.0,0.0,0.0,0.0,0.0,0.0,0.0,0.0,0.0,0.0,0.0,0.0,0.0,0.0,0.0,0.0,0.0,0.0,0.0,0.0,0.0,1.1901463499163565e-07,2.1223866767143715e-07,1.4080498837654818e-07,1.3335739322969518e-07,1.7146185729666063e-07,1.875500236406805e-07,3.400171970983516e-07,3.529350935304469e-07,2.1153893162497629e-07,2.46125846271726e-07,2.4165102553553765e-07,0.0,3.943336048626906e-07,3.522522037212376e-07,3.40777272064306e-07,6.161824556196711e-07,4.507990683966772e-07,6.257437087480518e-07,5.224938665961918e-07,5.460122211406752e-07,3.880441711905469e-07,5.26777577600469e-07,4.194265335871445e-07,4.751390394773103e-07,8.265099973988078e-07,6.695486861269935e-07,6.795370993279378e-07,1.6467638784319382e-06,9.263645055441336e-07,1.8049784192769131e-06,1.6395077387658519e-06,1.3958105993742948e-06,1.3964226031996383e-06,1.6498229536567898e-06,1.743400055010354e-06,2.140393306106484e-06,1.7613539880376842e-06,2.5401225050281726e-06,1.5287591471839864e-06,2.1054497632383805e-06,2.815399682728315e-06,1.6035353352693469e-06,2.2560487855836518e-06,9.790776889596498e-07,2.1365289928209087e-06,1.4833700501287637e-06,1.5986885568897643e-06,1.2055470759322594e-06,1.62230116530075e-06,9.99480803038848e-07,1.331465579858359e-06,1.063960255764646e-06,1.0249316610283854e-06,5.134895897559648e-07,6.631661957825771e-07,4.2241547730308845e-07,6.720933725880669e-07,3.773208430229621e-07,4.564154053655114e-07,1.7246096712488684e-07,4.0779209128018176e-07,3.1785463659855984e-07,1.8590531005984755e-07,2.715248619024553e-07,2.685095821839865e-07,2.1970715306803278e-07,2.936724148453241e-07,2.184969160153472e-07,2.31391833214988e-07,1.8985539347530295e-07,0.0,0.0,0.0,0.0,0.0,0.0,0.0,0.0,0.0,0.0,0.0,0.0,0.0,0.0,0.0,0.0,0.0,0.0,0.0,0.0,0.0,0.0,0.0,0.0,0.0,0.0,0.0,0.0
7.0,0.0,0.0,0.0,0.0,0.0,0.0,0.0,0.0,0.0,0.0,0.0,0.0,0.0,0.0,0.0,0.0,0.0,0.0,0.0,0.0,0.0,0.0,0.0,0.0,0.0,0.0,0.0,0.0,0.0,0.0,0.0,0.0,0.0,1.323277010296961e-07,2.608320621030707e-07,1.7209498579355894e-07,1.6676408468613743e-07,1.5593708300474795e-07,1.707068832053891e-07,1.4574114261444455e-07,4.856115361994264e-07,9.408054611875413e-08,2.756978996940147e-07,3.2202807096152604e-07,0.0,2.1014169565593245e-07,2.1404018501230687e-07,2.665879343633847e-07,3.3973383382921727e-07,2.8332150680679924e-07,3.959502211381985e-07,5.221455837895019e-07,5.314683753729246e-07,4.2871803263989617e-07,6.420101727005718e-07,3.2241885330058237e-07,3.8302178418012474e-07,8.099797974508317e-07,9.3359244222745e-07,7.936432351437921e-07,1.3891078499567637e-06,9.272379634561495e-07,1.9049993278360264e-06,1.523572364480167e-06,1.7800655269647258e-06,1.0007135950616925e-06,1.4004664547173628e-06,1.5594871012999074e-06,1.6878420186150915e-06,1.5820608557531383e-06,3.0477374739894657e-06,1.6107200676879891e-06,1.632777979976446e-06,1.7639268940975478e-06,1.4480212196867662e-06,1.91094053471546e-06,9.231725853787209e-07,1.86136473904006e-06,1.7669013917313603e-06,1.4826763661531186e-06,1.0336032076528731e-06,1.6207906428004698e-06,7.325605308106969e-07,1.2616598635320647e-06,8.555381934113293e-07,1.1265354056327632e-06,9.240351475249063e-07,8.529846324934665e-07,4.918244720615595e-07,6.051264090578547e-07,4.7139819166704e-07,4.2311384984996047e-07,2.0139300665661425e-07,4.4349099793102577e-07,2.82801614255181e-07,3.717109389882958e-07,1.6284986393351036e-07,1.6763895584668186e-07,1.0969111493924976e-07,3.4929568661191e-07,1.5933373007432125e-07,3.465332227291695e-07,9.494038930306632e-08,0.0,0.0,0.0,0.0,0.0,0.0,0.0,0.0,0.0,0.0,0.0,0.0,0.0,0.0,0.0,0.0,0.0,0.0,0.0,0.0,0.0,0.0,0.0,0.0,0.0,0.0,0.0
7.25,0.0,0.0,0.0,0.0,0.0,0.0,0.0,0.0,0.0,0.0,0.0,0.0,0.0,0.0,0.0,0.0,0.0,0.0,0.0,0.0,0.0,0.0,0.0,0.0,0.0,0.0,0.0,0.0,0.0,0.0,0.0,0.0,0.0,0.0,2.1163864954541733e-07,1.9583383107765397e-07,9.392048034690468e-08,8.330351761598662e-08,1.2469953257938954e-07,1.8749953231650747e-07,1.295476823239507e-07,2.2085112608161107e-07,1.1750583063931631e-07,3.2458159072362343e-07,2.7376067094940003e-07,0.0,3.289652537424798e-07,2.011787110977897e-07,3.1097754280117196e-07,4.46080867323952e-07,4.378605105195989e-07,3.795543259902333e-07,3.877601976295713e-07,5.470364970479472e-07,4.4937471142994397e-07,4.771367190022577e-07,2.904503881853302e-07,4.5999795668907643e-07,7.285019086750007e-07,7.575450473721985e-07,9.059281902431079e-07,1.3418388022210116e-06,8.366630260518777e-07,1.583519847917952e-06,1.2718292141482906e-06,1.2660628513232668e-06,1.3977360885829224e-06,1.5376481851907297e-06,1.537791634089765e-06,1.3936384370348851e-06,1.7611187330639915e-06,2.537394856700625e-06,1.189446965818553e-06,1.5170354835927019e-06,1.8925844755080643e-06,1.466055091313503e-06,1.7317441694338497e-06,1.3905257778972928e-06,1.522514909703039e-06,1.5447459967043655e-06,1.3381917848981889e-06,1.0191726124674223e-06,1.056807868831048e-06,7.062052792175779e-07,9.630584924905514e-07,8.9272867743671e-07,7.269809495633505e-07,5.133528597360591e-07,6.630774778968535e-07,4.570627516218344e-07,6.882524802856793e-07,4.0106474668951137e-07,3.7204263310941327e-07,3.1677156557060534e-07,3.539825514920718e-07,3.3011158184105713e-07,1.2402001900141715e-07,3.258298342829463e-07,4.0238730351365105e-07,1.097353749721775e-07,3.11777152695153e-07,3.5835649112613773e-07,2.7781838942428734e-07,1.1079341538904712e-07,0.0,0.0,0.0,0.0,0.0,0.0,0.0,0.0,0.0,0.0,0.0,0.0,0.0,0.0,0.0,0.0,0.0,0.0,0.0,0.0,0.0,0.0,0.0,0.0,0.0,0.0
7.5,0.0,0.0,0.0,0.0,0.0,0.0,0.0,0.0,0.0,0.0,0.0,0.0,0.0,0.0,0.0,0.0,0.0,0.0,0.0,0.0,0.0,0.0,0.0,0.0,0.0,0.0,0.0,0.0,0.0,0.0,0.0,0.0,0.0,0.0,0.0,7.946095278847357e-08,2.1246660556127086e-07,1.5663944481968297e-07,2.6657125637115717e-07,1.870492988690844e-07,1.8729783858805078e-07,1.2951304390621702e-07,2.3570118746258244e-07,1.879840589518009e-07,3.5432623773389e-07,1.9319086558813146e-07,0.0,2.887896100219236e-07,2.0142246559427327e-07,2.2203747717288207e-07,3.6096719844354333e-07,4.632451755459872e-07,4.779259516692272e-07,4.047273503613372e-07,5.314683753729246e-07,3.4747767793177036e-07,5.269891915175556e-07,6.135860084822129e-07,5.358695457130714e-07,6.955751681254864e-07,5.816070267434543e-07,8.495351004116506e-07,1.0599171144816478e-06,9.949506255752058e-07,1.6860041981504534e-06,1.34945508039957e-06,1.340533380970625e-06,1.4675488856935842e-06,1.6730979950678882e-06,1.638962136332513e-06,1.6472603706806478e-06,1.403702180278353e-06,2.156206780737616e-06,1.5128989766751325e-06,1.3485327024023651e-06,1.765589631541486e-06,1.255275929088556e-06,1.5853475964496059e-06,1.6968340773283985e-06,1.2388686460928705e-06,1.0771121671687838e-06,1.2525247551799996e-06,8.453352677943856e-07,1.0580751933906056e-06,9.322251041295441e-07,9.079934751588877e-07,7.415653360417579e-07,7.440017709226151e-07,7.967577203959721e-07,5.682761003530131e-07,5.093211746309161e-07,5.709744404299344e-07,3.89425456196876e-07,3.046825854064218e-07,3.7441656538698566e-07,3.1888416054541945e-07,3.294511825709029e-07,2.0164075078917148e-07,2.1719096928637342e-07,2.686174606822525e-07,2.3804813421168452e-07,2.5651807856965516e-07,2.1887808347484799e-07,4.620442969722259e-08,1.1076378752024407e-07,0.0,0.0,0.0,0.0,0.0,0.0,0.0,0.0,0.0,0.0,0.0,0.0,0.0,0.0,0.0,0.0,0.0,0.0,0.0,0.0,0.0,0.0,0.0,0.0,0.0
7.75,0.0,0.0,0.0,0.0,0.0,0.0,0.0,0.0,0.0,0.0,0.0,0.0,0.0,0.0,0.0,0.0,0.0,0.0,0.0,0.0,0.0,0.0,0.0,0.0,0.0,0.0,0.0,0.0,0.0,0.0,0.0,0.0,0.0,0.0,0.0,0.0,1.7207244837770294e-07,3.2638971846275663e-07,2.0341231990186135e-07,1.1659355279293608e-07,2.3396833378983155e-07,1.8734822132876046e-07,1.9413979327024113e-07,2.7985754485041203e-07,1.1752162868054235e-07,3.5399420511486224e-07,2.738343219235592e-07,0.0,2.363141452592855e-07,2.2650879205201787e-07,3.2617972274397394e-07,4.4668262216993065e-07,3.3474494417973555e-07,4.944061568992006e-07,4.213098168305015e-07,5.90204546304306e-07,4.894373306087988e-07,4.606837286918351e-07,4.846058334071818e-07,4.899378703662365e-07,6.948278405207318e-07,6.521048481669033e-07,8.877676572264855e-07,1.2009159173775502e-06,6.549690104800462e-07,1.4439827354215304e-06,1.5044894543968991e-06,1.4682916544064312e-06,1.4856130981877282e-06,1.4247774497623472e-06,1.5379975239858809e-06,1.570719464516603e-06,1.3203100087900636e-06,2.15794425598398e-06,1.4016405583405829e-06,1.518456689211699e-06,1.5416570352835389e-06,1.2197554874664811e-06,1.3400108361120172e-06,1.4331771243764025e-06,1.1287458536099036e-06,1.4427297747827704e-06,1.4826763661531186e-06,9.708303985286972e-07,9.477351753805813e-07,7.864686862827066e-07,8.51587634697745e-07,7.606812965964837e-07,7.437025744999922e-07,6.417765195535187e-07,6.088672503782285e-07,4.3895199613946973e-07,4.5342087916494787e-07,5.426170102269861e-07,4.2277571944251507e-07,4.89293805416661e-07,3.187555782226189e-07,2.829149767408525e-07,2.9466615487808184e-07,2.1730669645796608e-07,3.524188266164823e-07,7.3216001518207e-08,2.3838601664301144e-07,1.1926001545609802e-07,1.1557262270408914e-07,1.4252492404609254e-07,0.0,0.0,0.0,0.0,0.0,0.0,0.0,0.0,0.0,0.0,0.0,0.0,0.0,0.0,0.0,0.0,0.0,0.0,0.0,0.0,0.0,0.0,0.0,0.0
8.0,0.0,0.0,0.0,0.0,0.0,0.0,0.0,0.0,0.0,0.0,0.0,0.0,0.0,0.0,0.0,0.0,0.0,0.0,0.0,0.0,0.0,0.0,0.0,0.0,0.0,0.0,0.0,0.0,0.0,0.0,0.0,0.0,0.0,0.0,0.0,0.0,0.0,1.0583359960405537e-07,1.1425171670549107e-07,1.251431716097698e-07,2.500451123056785e-07,2.0269104480716305e-07,3.578573119629808e-07,2.4273960186886194e-07,2.0621082252135625e-07,1.6453028015275928e-07,2.655667560466009e-07,2.576917566903424e-07,0.0,2.7569983613583306e-07,2.770677915619004e-07,2.668026648783773e-07,3.8220056305786955e-07,5.147168617177635e-07,6.926335992502142e-07,5.902273859436167e-07,5.901256314030752e-07,4.6967454412980326e-07,4.93920090644215e-07,6.779000734617713e-07,5.664144086517994e-07,7.940889605951221e-07,7.931004910138013e-07,8.307677714065442e-07,1.5064232475001611e-06,7.459115907608949e-07,1.5632655993063269e-06,1.1770640010219228e-06,1.2665709701933632e-06,1.3791828179749515e-06,1.446031353394066e-06,1.6805552068459748e-06,1.844354384140248e-06,1.5207630580720185e-06,1.8396112711079536e-06,1.2856648724752269e-06,1.3857771915919165e-06,1.2390161220777804e-06,1.0634976621444713e-06,1.3581757310851325e-06,1.4868988516129466e-06,1.2090458966456215e-06,1.402655466672825e-06,1.0948897748532058e-06,1.2220226913320144e-06,1.002012040176675e-06,8.78602670313134e-07,6.516558035644214e-07,6.655073528579882e-07,7.771727368597619e-07,4.6183311106331996e-07,5.830543260190299e-07,5.443736142179431e-07,4.7015150800256633e-07,2.947423830138597e-07,4.0554060387429156e-07,5.18214595254968e-07,4.790992933285422e-07,3.5326609815946006e-07,1.3946638302303615e-07,4.347292126075819e-07,2.3482014403934733e-07,1.46432003036414e-07,2.0179200472560185e-07,1.3908075410061722e-07,1.6186635795514874e-07,2.374144615479581e-07,0.0,0.0,0.0,0.0,0.0,0.0,0.0,0.0,0.0,0.0,0.0,0.0,0.0,0.0,0.0,0.0,0.0,0.0,0.0,0.0,0.0,0.0,0.0
8.25,0.0,0.0,0.0,0.0,0.0,0.0,0.0,0.0,0.0,0.0,0.0,0.0,0.0,0.0,0.0,0.0,0.0,0.0,0.0,0.0,0.0,0.0,0.0,0.0,0.0,0.0,0.0,0.0,0.0,0.0,0.0,0.0,0.0,0.0,0.0,0.0,0.0,0.0,1.0594793705129808e-07,1.304334967045488e-07,2.3511734628380576e-07,8.330351761598662e-08,3.277753558820927e-07,2.2141153429762602e-07,3.3997174025381973e-07,3.674927983171299e-07,3.2941486508108313e-07,3.833397704927103e-07,3.865896309509071e-07,0.0,2.8929469073365307e-07,3.148497631385232e-07,3.2582969755524795e-07,7.004180731804443e-07,4.3791909501391494e-07,5.77194666041845e-07,3.2015275667531143e-07,7.373612665837343e-07,6.323596463485839e-07,6.580315814361132e-07,3.229400044643226e-07,6.743000187286831e-07,7.938757251062404e-07,9.867033269239906e-07,8.8752987293367e-07,9.64922524487733e-07,1.0619300429408358e-06,1.6641445186407844e-06,1.2907516297184194e-06,1.504194133496129e-06,1.2424320787403757e-06,1.3795464196111616e-06,1.761073997657407e-06,1.591209983180714e-06,1.4833181827748674e-06,1.5865106487863956e-06,1.5942376313350858e-06,1.445047990709254e-06,1.3677501251570885e-06,1.081076443856928e-06,1.1281759071494878e-06,1.8468421012299912e-06,9.918220872257255e-07,1.1380807804047527e-06,8.802029372804905e-07,9.396392796844305e-07,9.836627461998557e-07,8.657533545944599e-07,9.348588113899118e-07,6.464066350218933e-07,6.78050136184716e-07,6.419474776034795e-07,5.014962343461001e-07,5.44446772881324e-07,5.539593134006686e-07,3.7706801479794e-07,3.0423643146080535e-07,5.175905744686028e-07,3.366904919491101e-07,3.178122277077528e-07,2.636840587243012e-07,4.889400670304237e-07,3.1876978218158787e-07,1.8296611789516949e-07,1.1002431537369759e-07,3.579239836271253e-07,1.1578855980776694e-07,1.4242962789468436e-07,0.0,0.0,0.0,0.0,0.0,0.0,0.0,0.0,0.0,0.0,0.0,0.0,0.0,0.0,0.0,0.0,0.0,0.0,0.0,0.0,0.0,0.0
8.5,0.0,0.0,0.0,0.0,0.0,0.0,0.0,0.0,0.0,0.0,0.0,0.0,0.0,0.0,0.0,0.0,0.0,0.0,0.0,0.0,0.0,0.0,0.0,0.0,0.0,0.0,0.0,0.0,0.0,0.0,0.0,0.0,0.0,0.0,0.0,0.0,0.0,0.0,0.0,2.514226319564225e-07,2.1232408704399072e-07,1.5632393633676428e-07,2.331557463731791e-07,4.3627303661863965e-07,2.2138175867440142e-07,2.752152183007112e-07,3.0906701968203536e-07,1.6439766574102954e-07,4.5268953480993567e-07,4.0275170922589626e-07,0.0,4.336503299724206e-07,3.777179735511299e-07,4.141368268141171e-07,4.882358924875693e-07,4.3762632920631113e-07,5.602517560473368e-07,5.058416703768748e-07,6.212933472485292e-07,5.713937047514856e-07,5.428034485520281e-07,4.836933274666707e-07,5.36086058660834e-07,1.0258360108480502e-06,8.285729174842213e-07,9.250493315593529e-07,1.528521050533235e-06,9.268634227411413e-07,1.223702728664502e-06,1.3308945173511034e-06,1.394317554208498e-06,1.2258349515793468e-06,9.263638357680736e-07,1.4786729181986798e-06,1.256068478969371e-06,1.5225930978530917e-06,1.3011134484609284e-06,1.3008982539831471e-06,1.2906881858299445e-06,1.2576069300191093e-06,1.2036158084156223e-06,1.3568989072713271e-06,1.762961457916237e-06,9.79678115053588e-07,1.3427544785235984e-06,1.1662993063830844e-06,1.346816300881017e-06,1.1302928698208887e-06,8.52890285259817e-07,6.799886645889613e-07,6.273946751683082e-07,6.607146845027918e-07,7.952734079428059e-07,4.6046417985492497e-07,6.326008307735843e-07,5.703655633940185e-07,4.1297157401024043e-07,3.0435798017493283e-07,3.4533761413839816e-07,4.962422058958536e-07,4.0063562019483967e-07,2.480400380028343e-07,2.1730669645796608e-07,2.51626678406561e-07,1.2793856609379432e-07,2.2001927918933893e-07,1.9876669242683e-07,1.6173703729632973e-07,2.056491830586203e-07,0.0,0.0,0.0,0.0,0.0,0.0,0.0,0.0,0.0,0.0,0.0,0.0,0.0,0.0,0.0,0.0,0.0,0.0,0.0,0.0,0.0
8.75,0.0,0.0,0.0,0.0,0.0,0.0,0.0,0.0,0.0,0.0,0.0,0.0,0.0,0.0,0.0,0.0,0.0,0.0,0.0,0.0,0.0,0.0,0.0,0.0,0.0,0.0,0.0,0.0,0.0,0.0,0.0,0.0,0.0,0.0,0.0,0.0,0.0,0.0,0.0,0.0,2.3799717759147092e-07,2.606575458029883e-07,1.5659730345707335e-07,1.9987466193074762e-07,2.336551231689616e-07,3.747468457302486e-07,2.911318991507456e-07,1.9122449043233265e-07,1.8795879567281264e-07,3.244078318420797e-07,3.864336851538313e-07,0.0,5.117390376542701e-07,4.0230332735527356e-07,4.732358366947127e-07,3.820462217347879e-07,4.1193868333892367e-07,6.58589234354616e-07,5.724468533606671e-07,6.0520245313648e-07,5.107217450242526e-07,5.265661335634341e-07,5.486285110167348e-07,6.584426566348182e-07,7.605933289351197e-07,7.75476035657939e-07,1.0197151731578336e-06,1.2696775329431942e-06,1.2426840928031055e-06,1.4646277550249971e-06,1.273029538335838e-06,1.302411993636892e-06,1.364507552247037e-06,1.1524611146061566e-06,1.358594705325269e-06,1.413077038840542e-06,1.4216621505199018e-06,1.3326689449805719e-06,1.530186560019826e-06,9.109520980963321e-07,1.145710179434445e-06,1.0453651540627804e-06,1.2772163756823895e-06,1.8040382583908298e-06,1.073916766665537e-06,1.28223819031659e-06,9.791154670870334e-07,1.2050624014176791e-06,9.8379363944619e-07,1.054762184505944e-06,7.078460143852429e-07,8.387635329253766e-07,1.1074389500725037e-06,8.207089699566401e-07,6.092747374953333e-07,5.799620782129126e-07,6.211887551538519e-07,5.434919637505984e-07,3.890572999531643e-07,2.302867490298739e-07,3.904823824111115e-07,2.472862687116221e-07,2.945475451283657e-07,3.257864539295601e-07,2.5155935354277325e-07,2.195298030184689e-07,1.833249462170439e-07,3.1802670788292805e-07,2.5382022513392475e-07,1.9016046373798425e-07,0.0,0.0,0.0,0.0,0.0,0.0,0.0,0.0,0.0,0.0,0.0,0.0,0.0,0.0,0.0,0.0,0.0,0.0,0.0,0.0
9.0,0.0,0.0,0.0,0.0,0.0,0.0,0.0,0.0,0.0,0.0,0.0,0.0,0.0,0.0,0.0,0.0,0.0,0.0,0.0,0.0,0.0,0.0,0.0,0.0,0.0,0.0,0.0,0.0,0.0,0.0,0.0,0.0,0.0,0.0,0.0,0.0,0.0,0.0,0.0,0.0,0.0,1.5870758068742998e-07,1.466983913347803e-07,2.19029981919075e-07,2.664278806786085e-07,2.0239273045168016e-07,2.043798778131932e-07,3.232640044108727e-07,2.352900623536312e-07,4.931929972230886e-07,2.951532181676959e-07,2.898252638653734e-07,0.0,3.6755041275517544e-07,2.6426025739402087e-07,4.585086296870583e-07,4.033253024897313e-07,5.53320626346596e-07,8.729820361380303e-07,5.725994651584172e-07,5.60994396226976e-07,8.3825995062608e-07,5.918326015953407e-07,8.062639874707868e-07,7.49511039647528e-07,9.263127166227778e-07,9.333408000597337e-07,9.446867754960949e-07,1.3175883408866435e-06,1.0189354434203262e-06,1.5469583423806956e-06,1.4074785311322684e-06,1.2306819667987721e-06,8.805293314161504e-07,1.2438533291576047e-06,1.3166265709988243e-06,1.3156546010012328e-06,1.3404936770113695e-06,1.459981896224487e-06,1.3019391113673182e-06,1.575820608581919e-06,1.2413532583899726e-06,1.1690408461301285e-06,1.405943446088363e-06,1.9417511025428016e-06,1.0888231877854835e-06,1.648814081311938e-06,1.3245089365121837e-06,1.3954825001477017e-06,9.482400955592605e-07,1.145918000239843e-06,6.521815444305483e-07,8.562233548048781e-07,7.761317875738526e-07,7.960148722283149e-07,4.7407071574709043e-07,6.153595574024625e-07,6.552910382733653e-07,5.195128372271471e-07,2.7046838836474746e-07,2.594200612646417e-07,4.074630940302582e-07,4.83313085265623e-07,1.8620491571667246e-07,3.256563821486461e-07,2.1813483407414441e-07,1.6451455429186848e-07,1.8337385895616266e-07,9.927688306803373e-08,2.0822488287350336e-07,2.850117092310542e-07,0.0,0.0,0.0,0.0,0.0,0.0,0.0,0.0,0.0,0.0,0.0,0.0,0.0,0.0,0.0,0.0,0.0,0.0,0.0
9.25,0.0,0.0,0.0,0.0,0.0,0.0,0.0,0.0,0.0,0.0,0.0,0.0,0.0,0.0,0.0,0.0,0.0,0.0,0.0,0.0,0.0,0.0,0.0,0.0,0.0,0.0,0.0,0.0,0.0,0.0,0.0,0.0,0.0,0.0,0.0,0.0,0.0,0.0,0.0,0.0,0.0,0.0,1.7218865073344152e-07,2.9382952128706734e-07,3.4409748469430925e-07,2.3318710558587217e-07,3.277313945950913e-07,1.702478703438527e-07,2.749211849478259e-07,2.35448017551237e-07,2.817110377201689e-07,3.9353762422359454e-07,4.515071194771367e-07,0.0,4.461314687242354e-07,4.6535091420702497e-07,7.249336689391562e-07,5.943741299848673e-07,3.8603764628832273e-07,6.759606864562127e-07,7.071402306220005e-07,7.081507576836902e-07,5.101729506709692e-07,9.205054455951531e-07,3.8737147054958356e-07,7.193057358985123e-07,9.750201168133593e-07,7.235786321370707e-07,1.095543066364599e-06,1.5541264813121237e-06,1.108610427870231e-06,1.3232956413288166e-06,1.3307151031535631e-06,1.3027603252746661e-06,1.3986758062705535e-06,1.4025392656702544e-06,1.4173357166170867e-06,1.3172501934293438e-06,1.262487150185351e-06,1.0466753783890078e-06,1.3344875891515012e-06,1.4241249307709138e-06,1.2565908188448412e-06,1.2906618660556697e-06,1.210578195867135e-06,2.064582224079184e-06,1.1149971026392365e-06,1.788893928510269e-06,1.1673894512815595e-06,1.3788772520179752e-06,1.1479119954544144e-06,1.065827647142836e-06,7.947081519459281e-07,1.1603485687100405e-06,8.434282181809883e-07,9.749810122447865e-07,5.685042320673258e-07,6.325157809173364e-07,6.048840353292604e-07,5.904347817666843e-07,2.708650753343491e-07,4.319612257780983e-07,3.3678108538162704e-07,2.9411361597220463e-07,3.1038321075136407e-07,5.432667411449151e-07,3.0215417799660896e-07,2.0115446570960047e-07,2.2034257762255863e-07,1.9876669242683e-07,1.6175857638772627e-07,1.2667187076935745e-07,0.0,0.0,0.0,0.0,0.0,0.0,0.0,0.0,0.0,0.0,0.0,0.0,0.0,0.0,0.0,0.0,0.0,0.0
9.5,0.0,0.0,0.0,0.0,0.0,0.0,0.0,0.0,0.0,0.0,0.0,0.0,0.0,0.0,0.0,0.0,0.0,0.0,0.0,0.0,0.0,0.0,0.0,0.0,0.0,0.0,0.0,0.0,0.0,0.0,0.0,0.0,0.0,0.0,0.0,0.0,0.0,0.0,0.0,0.0,0.0,0.0,0.0,2.1192449321038962e-07,1.6299821259420035e-07,1.876643235733289e-07,2.4954125998373e-07,4.3615622991539495e-07,2.3837906729388284e-07,2.4244800330815446e-07,3.673942483578065e-07,2.3479072632980772e-07,3.538520958394248e-07,3.70481729661286e-07,0.0,4.857568541440868e-07,4.65100691911444e-07,5.037577065298437e-07,6.577028975249663e-07,5.269508362581248e-07,7.745696458087477e-07,7.076117203077066e-07,4.430088594683752e-07,8.581279179413952e-07,8.056576237901159e-07,6.126782147911161e-07,7.661467809132487e-07,8.608410967128814e-07,1.0227702154500729e-06,1.0385987874755713e-06,9.88989579016806e-07,9.268634227411413e-07,1.263484893493839e-06,1.236119488717802e-06,1.1204716414138072e-06,1.4148019792251512e-06,1.3124060385159494e-06,1.3556847300528192e-06,9.623246747548813e-07,1.2808136240465393e-06,1.1418276855152815e-06,1.4330885422681973e-06,1.6716446852355743e-06,1.1137348582972864e-06,1.5176025410457848e-06,1.537348281919255e-06,2.038972591469137e-06,1.0891152932684575e-06,1.4227923653856e-06,1.1371983779232657e-06,1.4707209499130018e-06,1.0396939841336133e-06,1.292488907247265e-06,9.496612090723657e-07,1.102987880064901e-06,8.922038926459301e-07,9.245275067349901e-07,7.17206251602719e-07,7.554034005239476e-07,3.6930620893377905e-07,7.904395137456782e-07,3.719435538462683e-07,4.0273210004682335e-07,3.900095162321961e-07,3.1789705680896937e-07,2.638966214479806e-07,2.7181441120866954e-07,1.6797589599644735e-07,2.0101929942435017e-07,2.9351564323723913e-07,3.18581877374331e-07,1.387980821713794e-07,2.057316847367663e-07,0.0,0.0,0.0,0.0,0.0,0.0,0.0,0.0,0.0,0.0,0.0,0.0,0.0,0.0,0.0,0.0,0.0
9.75,0.0,0.0,0.0,0.0,0.0,0.0,0.0,0.0,0.0,0.0,0.0,0.0,0.0,0.0,0.0,0.0,0.0,0.0,0.0,0.0,0.0,0.0,0.0,0.0,0.0,0.0,0.0,0.0,0.0,0.0,0.0,0.0,0.0,0.0,0.0,0.0,0.0,0.0,0.0,0.0,0.0,0.0,0.0,0.0,2.1158157331846333e-07,2.4472667847750245e-07,3.443287951841549e-07,2.6624887780258145e-07,2.9639962131984375e-07,2.730573929094505e-07,3.072238249424416e-07,3.0894256316404264e-07,2.821657159249627e-07,3.742115977115817e-07,3.221580257924225e-07,0.0,5.260611205164993e-07,5.283072296731152e-07,6.22205436502224e-07,6.371725442860405e-07,6.051968017589543e-07,8.893340536499991e-07,7.417031442734828e-07,7.388425065728537e-07,8.371334085609998e-07,7.401865207527656e-07,8.072412771525694e-07,7.654248765564858e-07,8.611883033934595e-07,9.523628625255215e-07,1.1531359210005863e-06,1.1311876494670055e-06,1.0407363200414414e-06,1.3231181130699853e-06,1.2354523077766513e-06,1.0643690779789084e-06,1.1738812863867597e-06,1.3795464196111616e-06,1.3558662382507109e-06,1.1386183863154717e-06,1.3023919209062595e-06,1.015366815223293e-06,1.319621133839983e-06,1.727706932300658e-06,1.3355823267733028e-06,1.6381760547806071e-06,1.38922212060017e-06,2.177326785110304e-06,1.0334119487875844e-06,1.9726452670718673e-06,1.426999875461829e-06,1.6906705355887712e-06,1.1120623396624873e-06,1.0530682409548106e-06,9.346077077607445e-07,1.0841154735135851e-06,9.912048248282537e-07,1.0269791795119296e-06,8.261269109161891e-07,5.446663669010395e-07,5.376029219794015e-07,7.198470553942251e-07,3.044390666222952e-07,3.1685647954073554e-07,6.56189973027045e-07,4.947706570136125e-07,1.8625494390466727e-07,1.6311038897913122e-07,2.0130134272524878e-07,1.827939492131872e-07,2.3867257656685105e-07,1.9876669242683e-07,2.776701998579856e-07,2.3760513036997495e-07,0.0,0.0,0.0,0.0,0.0,0.0,0.0,0.0,0.0,0.0,0.0,0.0,0.0,0.0,0.0,0.0
10.0,0.0,0.0,0.0,0.0,0.0,0.0,0.0,0.0,0.0,0.0,0.0,0.0,0.0,0.0,0.0,0.0,0.0,0.0,0.0,0.0,0.0,0.0,0.0,0.0,0.0,0.0,0.0,0.0,0.0,0.0,0.0,0.0,0.0,0.0,0.0,0.0,0.0,0.0,0.0,0.0,0.0,0.0,0.0,0.0,0.0,2.3796509385224317e-07,2.120112183289896e-07,2.508593893925675e-07,2.9981199289612143e-07,3.114984642969961e-07,3.0669356664580695e-07,2.750313737995083e-07,2.9403367450060593e-07,4.224531006649411e-07,4.2271323543058866e-07,4.197653489096845e-07,0.0,5.774241235830404e-07,4.903731083008625e-07,5.328899452149169e-07,7.440695425252112e-07,6.306967685620366e-07,6.591197129968668e-07,7.575492943638753e-07,7.374598311160939e-07,8.777332664949656e-07,8.385416084346104e-07,9.367783778112476e-07,9.502780789546208e-07,9.608145374817727e-07,1.058323801363629e-06,1.3027949142511715e-06,8.941981038482143e-07,1.583942623262415e-06,1.2429291365202892e-06,1.486002531607949e-06,1.2121513099829405e-06,1.329069264876255e-06,8.585811160777267e-07,1.2150219481564713e-06,7.851484152309214e-07,1.1820130628070056e-06,1.8088650381042183e-06,1.3509419776605628e-06,1.804616421561132e-06,1.1437071896102587e-06,1.5520751288069763e-06,1.2909860494249923e-06,2.01114837398654e-06,1.0334119487875844e-06,1.5841184891384614e-06,1.4400677983919485e-06,1.5965303826070975e-06,1.1116182844223718e-06,1.1456114821175377e-06,8.778469212804081e-07,1.367584356924322e-06,1.1090745339139102e-06,1.3081789502618049e-06,5.819621718092002e-07,6.144502404852907e-07,7.059808105674973e-07,5.53892875208772e-07,3.5532090689265704e-07,4.6045015218453094e-07,3.899045903467421e-07,5.184696261344985e-07,2.326311749037489e-07,4.3519310932638416e-07,1.6799840683750828e-07,2.0142534433296388e-07,2.019806961540121e-07,3.181973230695605e-07,1.6169397631728384e-07,1.9036438916826625e-07,0.0,0.0,0.0,0.0,0.0,0.0,0.0,0.0,0.0,0.0,0.0,0.0,0.0,0.0,0.0
10.25,0.0,0.0,0.0,0.0,0.0,0.0,0.0,0.0,0.0,0.0,0.0,0.0,0.0,0.0,0.0,0.0,0.0,0.0,0.0,0.0,0.0,0.0,0.0,0.0,0.0,0.0,0.0,0.0,0.0,0.0,0.0,0.0,0.0,0.0,0.0,0.0,0.0,0.0,0.0,0.0,0.0,0.0,0.0,0.0,0.0,0.0,1.7177105497580185e-07,1.7929803385362036e-07,2.659292396707609e-07,2.8300351631869025e-07,3.116235975847426e-07,3.410000429830554e-07,3.3965388234253647e-07,4.262916460478707e-07,3.5223339454366995e-07,3.6426625248215453e-07,5.631704967141253e-07,0.0,3.931703788896444e-07,5.155204471880861e-07,5.178791564204276e-07,5.102879146472023e-07,6.949606600787829e-07,5.106121343448858e-07,4.5537905119750785e-07,7.22903898468767e-07,5.719314509108374e-07,8.058730978804585e-07,7.106594590292222e-07,9.18880916984347e-07,1.0421018062006248e-06,1.057039600984463e-06,1.1545289711064929e-06,1.24633254889633e-06,1.017974442597914e-06,1.3426249929762678e-06,1.1770640010219228e-06,1.1195723864849042e-06,1.1217908088986728e-06,1.3784338821759913e-06,1.0330454633990778e-06,1.275694548953267e-06,1.4008899013009024e-06,1.6195457193310754e-06,1.123371892232362e-06,1.4615145633662603e-06,1.1458645462061285e-06,1.3956831033125457e-06,1.47291867181359e-06,1.8478367650787757e-06,1.1290484258800043e-06,1.6856645461345164e-06,1.3822806594169883e-06,1.6613661511034772e-06,1.2584092743815156e-06,1.2942203056494715e-06,1.0769381017356217e-06,1.293330740331996e-06,1.027273260038933e-06,1.1280246442620462e-06,7.84447447525673e-07,7.382328323075999e-07,5.202472335685532e-07,5.662090541498983e-07,5.070607191013423e-07,2.590725926586082e-07,5.311165237786179e-07,4.0063562019483967e-07,3.723098287933252e-07,4.3455550620936357e-07,1.6784095753400547e-07,2.5611810352154714e-07,1.837415381279769e-07,1.9876669242683e-07,2.7726349250799387e-07,2.849735805743009e-07,0.0,0.0,0.0,0.0,0.0,0.0,0.0,0.0,0.0,0.0,0.0,0.0,0.0,0.0
10.5,0.0,0.0,0.0,0.0,0.0,0.0,0.0,0.0,0.0,0.0,0.0,0.0,0.0,0.0,0.0,0.0,0.0,0.0,0.0,0.0,0.0,0.0,0.0,0.0,0.0,0.0,0.0,0.0,0.0,0.0,0.0,0.0,0.0,0.0,0.0,0.0,0.0,0.0,0.0,0.0,0.0,0.0,0.0,0.0,0.0,0.0,0.0,2.1146751317112192e-07,2.7743126069334314e-07,2.503199793360857e-07,3.3263231073845205e-07,4.517332381266592e-07,3.575205277220906e-07,2.74957904753482e-07,2.498615913761183e-07,2.348222630291133e-07,3.049916587732857e-07,4.185239404305861e-07,0.0,6.428678729404447e-07,4.65163222254535e-07,6.207894401942541e-07,6.58411629095575e-07,7.199299652129842e-07,5.932077416971801e-07,7.074230490051315e-07,6.338765286651128e-07,7.550559669930343e-07,8.558990007576681e-07,5.808225932244463e-07,8.730544383905012e-07,1.090700469655622e-06,7.413270166623308e-07,1.00069754283061e-06,1.03455206387964e-06,1.2663007961866257e-06,1.0019589499822895e-06,1.13709140114137e-06,1.0105318734246729e-06,1.2090573247758561e-06,1.2661282124838071e-06,1.1136209201991397e-06,1.001198925898087e-06,1.4815343955427756e-06,1.2680166140608842e-06,1.384048563495996e-06,2.0680669123998156e-06,1.2721544100313956e-06,1.760167888647248e-06,1.3745392941102542e-06,1.7103990885228085e-06,9.389840796474058e-07,1.7671389423352501e-06,1.42471667566109e-06,1.6287080847863459e-06,1.1486763528891287e-06,1.252347485392832e-06,8.792637555850977e-07,1.3708722584101823e-06,1.0587037499270279e-06,1.2325391569986807e-06,7.175902463833925e-07,8.083232837662467e-07,7.224039264098207e-07,6.604886212258751e-07,4.7331967963830794e-07,4.0348820161590683e-07,4.428946674241938e-07,4.828614510916997e-07,2.0161368491658236e-07,7.065291116081211e-07,2.3482014403934733e-07,1.8286769609963686e-07,1.286534714152663e-07,3.379939921369077e-07,2.542259047691948e-07,3.4825445369957035e-07,0.0,0.0,0.0,0.0,0.0,0.0,0.0,0.0,0.0,0.0,0.0,0.0,0.0
10.75,0.0,0.0,0.0,0.0,0.0,0.0,0.0,0.0,0.0,0.0,0.0,0.0,0.0,0.0,0.0,0.0,0.0,0.0,0.0,0.0,0.0,0.0,0.0,0.0,0.0,0.0,0.0,0.0,0.0,0.0,0.0,0.0,0.0,0.0,0.0,0.0,0.0,0.0,0.0,0.0,0.0,0.0,0.0,0.0,0.0,0.0,0.0,0.0,2.775885218891041e-07,2.772083049520948e-07,2.3454889601743788e-07,2.664637101407761e-07,3.4324557916856306e-07,4.259059799601696e-07,4.2080487802193743e-07,4.852857536043644e-07,3.056384175265294e-07,5.016932738218869e-07,4.186364922499839e-07,0.0,6.034276184177179e-07,4.652257694136387e-07,6.082888043674068e-07,7.007954027821577e-07,7.981311989691645e-07,5.772722251208619e-07,6.912247001222792e-07,8.555677695230241e-07,7.552588572165984e-07,8.241931548747457e-07,7.419624817315933e-07,8.125535039652765e-07,9.434874832977888e-07,8.987260030244774e-07,1.0008315588400959e-06,1.0113114479891459e-06,1.2440233724396981e-06,9.82314962733777e-07,1.0794186097165408e-06,1.3952503328773555e-06,9.486976235900736e-07,1.3122294262109414e-06,1.1934923836575537e-06,9.424316787099615e-07,1.2206124545051727e-06,1.5875765656426082e-06,1.4642909706254444e-06,1.3669769134686527e-06,1.320037911488818e-06,1.4639020063996915e-06,1.5028215474553473e-06,1.8178095428060269e-06,1.1698574051286793e-06,1.972379769727712e-06,1.3536637304884314e-06,1.6602520375364814e-06,1.4398284395204987e-06,1.2661784282647278e-06,1.2473162149010178e-06,1.008979537133493e-06,8.774454259159002e-07,9.488185234814377e-07,6.898649958551289e-07,8.43127666391245e-07,7.225968504120668e-07,7.902274575381006e-07,3.891609932633864e-07,4.028938831614645e-07,4.085067444463508e-07,4.7165100372639677e-07,3.103415261944541e-07,3.260469094556864e-07,2.6829408492701697e-07,2.0118152078232547e-07,1.2843023394484473e-07,2.3861598908475016e-07,4.85469684290742e-07,2.535133383666294e-07,0.0,0.0,0.0,0.0,0.0,0.0,0.0,0.0,0.0,0.0,0.0,0.0
11.0,0.0,0.0,0.0,0.0,0.0,0.0,0.0,0.0,0.0,0.0,0.0,0.0,0.0,0.0,0.0,0.0,0.0,0.0,0.0,0.0,0.0,0.0,0.0,0.0,0.0,0.0,0.0,0.0,0.0,0.0,0.0,0.0,0.0,0.0,0.0,0.0,0.0,0.0,0.0,0.0,0.0,0.0,0.0,0.0,0.0,0.0,0.0,0.0,0.0,2.1146751317112192e-07,2.6093688409721787e-07,2.500511432728975e-07,2.8281342798156054e-07,3.2716096908568765e-07,2.5547484726649155e-07,4.854143347901373e-07,3.6764072242754867e-07,3.520442505541177e-07,3.83801996904076e-07,4.1869279086378827e-07,0.0,5.90230411787232e-07,6.789781499550404e-07,4.2846825214990226e-07,7.007954027821577e-07,6.299387195613611e-07,6.752351148083328e-07,7.072344782870173e-07,6.048787721881522e-07,5.714704637123603e-07,7.574455373194322e-07,1.0645548650931556e-06,8.738782967173729e-07,9.096492683509005e-07,8.282376890617732e-07,1.040689364745047e-06,6.348387664715971e-07,1.3335995107543277e-06,9.618805919829977e-07,1.2912732860418946e-06,8.641239702400118e-07,1.1575519614277426e-06,1.2205810580647588e-06,1.2754312901274978e-06,8.832919671347866e-07,1.4409153270523564e-06,1.2717701616267264e-06,1.0099455528578787e-06,1.5597580594601078e-06,1.3531213804003072e-06,1.534841138012148e-06,1.226278159945095e-06,1.6961486724230552e-06,1.0472900987861143e-06,1.8717183640025916e-06,1.4986702903745738e-06,1.5827873970506496e-06,1.2764770517143891e-06,1.38631768429494e-06,1.06276786355489e-06,1.25562665805738e-06,1.239670466499071e-06,8.73397556310702e-07,6.901418647497864e-07,8.434677743647791e-07,8.561189388919423e-07,5.897219832373886e-07,3.8900547401737726e-07,2.592809620360816e-07,3.5517537583326357e-07,4.828614510916997e-07,2.1741426113316317e-07,2.7185064829855197e-07,2.1833940854339933e-07,2.1967757482987074e-07,2.2013673242792932e-07,2.982699863559377e-07,3.929992682353625e-07,3.3282537841056863e-07,0.0,0.0,0.0,0.0,0.0,0.0,0.0,0.0,0.0,0.0,0.0
11.25,0.0,0.0,0.0,0.0,0.0,0.0,0.0,0.0,0.0,0.0,0.0,0.0,0.0,0.0,0.0,0.0,0.0,0.0,0.0,0.0,0.0,0.0,0.0,0.0,0.0,0.0,0.0,0.0,0.0,0.0,0.0,0.0,0.0,0.0,0.0,0.0,0.0,0.0,0.0,0.0,0.0,0.0,0.0,0.0,0.0,0.0,0.0,0.0,0.0,0.0,2.1155304674797413e-07,2.607971401507205e-07,2.9701547903985217e-07,3.160855959793912e-07,2.4933226481991246e-07,2.893435781384247e-07,4.844433766594728e-07,3.382748523768545e-07,3.9898348396133335e-07,3.341936460705678e-07,2.9002024856926564e-07,0.0,4.984167921758847e-07,4.777352012343874e-07,6.208725556635528e-07,4.881701722166735e-07,4.892426107242288e-07,6.920756986467102e-07,7.745901428857811e-07,7.228072535625545e-07,7.146260804789023e-07,6.412377005676432e-07,7.102766637375287e-07,8.883711829236679e-07,8.761005972427363e-07,7.925659846847719e-07,7.361651909385994e-07,1.0594890381026164e-06,1.0394756703940156e-06,9.833703642516213e-07,1.1007703074741145e-06,1.0113444158048052e-06,1.1033462543799614e-06,9.485756368917507e-07,1.0932268201092838e-06,9.024350404696993e-07,1.241119738227829e-06,1.4927231335244018e-06,1.0742430183806886e-06,1.5950199224634232e-06,1.2557453129783058e-06,1.4138850282457571e-06,1.4864865306351806e-06,1.4893012733470732e-06,1.225747963664908e-06,1.7087301443777296e-06,1.1387170723382273e-06,1.7088446365018592e-06,1.221445520612896e-06,9.200147202355238e-07,1.0349837552919569e-06,8.936813024092981e-07,1.0082653127525779e-06,8.986067820729383e-07,5.688086927619663e-07,7.558098045053998e-07,5.885531721805242e-07,7.787463967050248e-07,2.537668302391262e-07,3.171114948160198e-07,5.139651418207055e-07,4.475301254020631e-07,1.8617991169952238e-07,2.1733564752330812e-07,3.1894052121864293e-07,3.477292002118586e-07,1.2861907668958385e-07,2.784600047895121e-07,2.538877484712841e-07,2.6932186339044536e-07,0.0,0.0,0.0,0.0,0.0,0.0,0.0,0.0,0.0,0.0
11.5,0.0,0.0,0.0,0.0,0.0,0.0,0.0,0.0,0.0,0.0,0.0,0.0,0.0,0.0,0.0,0.0,0.0,0.0,0.0,0.0,0.0,0.0,0.0,0.0,0.0,0.0,0.0,0.0,0.0,0.0,0.0,0.0,0.0,0.0,0.0,0.0,0.0,0.0,0.0,0.0,0.0,0.0,0.0,0.0,0.0,0.0,0.0,0.0,0.0,0.0,0.0,2.5155840764534196e-07,1.7944218341855697e-07,1.562400152865231e-07,2.1647265305136934e-07,1.8699919861493432e-07,2.2138175867440142e-07,4.853494831756028e-07,3.8214125739876925e-07,3.5232804277544296e-07,4.426112600776681e-07,6.281236569327095e-07,0.0,5.512515858819061e-07,4.5295662910079253e-07,5.028804325599994e-07,3.824580759018648e-07,5.411036783506583e-07,4.784398505419899e-07,5.219368368876671e-07,7.22710634493772e-07,8.983870726020486e-07,4.777118905092253e-07,6.136686685938231e-07,7.355009096767187e-07,9.769861474293292e-07,9.8617141138387e-07,9.07994299611787e-07,7.764359865939151e-07,1.2430186422963896e-06,8.827893317958889e-07,1.1179692743492745e-06,9.375408105999909e-07,1.2245179116098819e-06,1.3113470772153715e-06,9.516396954429013e-07,9.425585201202864e-07,1.4224224993101254e-06,1.61932809695546e-06,1.1407178824443291e-06,1.765914914155933e-06,9.714563509850777e-07,1.4313403989648408e-06,1.5545384873865973e-06,1.4599524573368837e-06,1.1152959493566415e-06,1.950733216607689e-06,1.341410741483538e-06,1.3775833993686285e-06,1.40506046577353e-06,1.3883615784816772e-06,9.492783840754272e-07,9.88226516340943e-07,1.024244985655862e-06,1.0272527852611005e-06,7.845523482274015e-07,9.147407445300087e-07,5.709744404299344e-07,5.660571740388065e-07,5.410088055945721e-07,4.890973018803488e-07,3.900095162321961e-07,3.299352166310445e-07,1.2408661587025938e-07,1.0868230315189547e-07,2.520989633640207e-07,2.930612474562284e-07,2.0189978520616034e-07,2.587435413631406e-07,2.082526498934892e-07,2.3776425515591784e-07,0.0,0.0,0.0,0.0,0.0,0.0,0.0,0.0,0.0
11.75,0.0,0.0,0.0,0.0,0.0,0.0,0.0,0.0,0.0,0.0,0.0,0.0,0.0,0.0,0.0,0.0,0.0,0.0,0.0,0.0,0.0,0.0,0.0,0.0,0.0,0.0,0.0,0.0,0.0,0.0,0.0,0.0,0.0,0.0,0.0,0.0,0.0,0.0,0.0,0.0,0.0,0.0,0.0,0.0,0.0,0.0,0.0,0.0,0.0,0.0,0.0,0.0,1.8518381835224021e-07,2.610068122451737e-07,1.7188708581072107e-07,2.494742330538391e-07,2.9596315601401805e-07,2.2138175867440142e-07,4.038643811776711e-07,2.5023071271712517e-07,3.519025258155692e-07,4.127169896422776e-07,5.477423245472189e-07,0.0,4.46791249062494e-07,4.0208709337120717e-07,7.248365449213454e-07,5.729922034860846e-07,5.92161857299703e-07,4.613218683865185e-07,6.400494252903571e-07,6.649582559155685e-07,6.943015000179701e-07,7.739117446524633e-07,8.399834445724488e-07,7.206634654795532e-07,7.442584922871006e-07,6.168559374551788e-07,7.001940786592727e-07,8.233819392159691e-07,1.0407363200414414e-06,9.433594918222776e-07,1.2159842871668491e-06,9.73133724143837e-07,1.0007135950616925e-06,1.1312322639749492e-06,1.032907041120718e-06,1.0986165710065906e-06,1.1608924012066558e-06,1.9662170921856447e-06,9.929934059703126e-07,1.6897353513709734e-06,1.3830955203920742e-06,1.4298107805849692e-06,1.585986420195657e-06,1.4188238528809147e-06,1.1431110534837984e-06,1.5849707384937476e-06,1.124302932182047e-06,1.1750218185884754e-06,1.0022787810365648e-06,1.2931809104100264e-06,9.799853473727077e-07,9.702569630443391e-07,8.435413692700923e-07,1.0770372428708212e-06,5.425943186956488e-07,5.626144524822515e-07,5.716609828432771e-07,4.4806850108976747e-07,4.062434472085625e-07,1.7301632244636778e-07,5.851717479080111e-07,5.066862255405326e-07,2.326311749037489e-07,3.263513010756104e-07,2.8552076501829147e-07,3.1120989767565017e-07,2.936724148453241e-07,2.987507438893523e-07,2.542259047691948e-07,2.849735805743009e-07,0.0,0.0,0.0,0.0,0.0,0.0,0.0,0.0
12.0,0.0,0.0,0.0,0.0,0.0,0.0,0.0,0.0,0.0,0.0,0.0,0.0,0.0,0.0,0.0,0.0,0.0,0.0,0.0,0.0,0.0,0.0,0.0,0.0,0.0,0.0,0.0,0.0,0.0,0.0,0.0,0.0,0.0,0.0,0.0,0.0,0.0,0.0,0.0,0.0,0.0,0.0,0.0,0.0,0.0,0.0,0.0,0.0,0.0,0.0,0.0,0.0,0.0,1.7179420159417884e-07,3.259527844353634e-07,3.439588475127241e-07,2.662846591327525e-07,2.327825780304273e-07,4.0843015496333606e-07,4.366978487261185e-07,3.237410241329509e-07,3.0522794422875003e-07,4.1277221000482e-07,6.598913529124707e-07,0.0,4.986844703671714e-07,5.530183742868576e-07,4.5826307679928895e-07,4.671969351881052e-07,5.920826806908915e-07,6.259116485517953e-07,7.415052776216825e-07,5.755263952563874e-07,6.332098206512845e-07,5.595513832990664e-07,3.5509051467045156e-07,7.360959751376224e-07,6.777381978670222e-07,5.992314820993165e-07,8.692283051574869e-07,8.011499612290546e-07,9.04256997796235e-07,8.443630603545088e-07,1.196682949275312e-06,9.190345284948494e-07,1.0366136968009635e-06,1.2657877639190091e-06,1.1952519891018951e-06,1.2184553696306207e-06,1.2017258224881918e-06,1.173230160107232e-06,1.3182133502594094e-06,1.2725590290275845e-06,9.53730617451878e-07,1.4129402968357309e-06,1.2422948094716153e-06,1.4048599117770014e-06,9.122564265129385e-07,1.545785809572368e-06,1.4692612187276932e-06,1.3632081923359527e-06,1.1113224445595846e-06,9.464284190859688e-07,9.071390653825584e-07,1.0463555483811502e-06,9.916034326666566e-07,6.674475803356594e-07,6.900495504286588e-07,6.331116106127233e-07,6.042386535897786e-07,4.8467725944185e-07,4.40214442677341e-07,2.8816721444372464e-07,4.78776884652009e-07,3.7691779010743924e-07,1.7073369857927833e-07,5.432667411449151e-07,3.1894052121864293e-07,2.3798403939902659e-07,1.8347176277834961e-07,1.3917399676225613e-07,3.2347407459265946e-07,2.2179447573330804e-07,0.0,0.0,0.0,0.0,0.0,0.0,0.0
12.25,0.0,0.0,0.0,0.0,0.0,0.0,0.0,0.0,0.0,0.0,0.0,0.0,0.0,0.0,0.0,0.0,0.0,0.0,0.0,0.0,0.0,0.0,0.0,0.0,0.0,0.0,0.0,0.0,0.0,0.0,0.0,0.0,0.0,0.0,0.0,0.0,0.0,0.0,0.0,0.0,0.0,0.0,0.0,0.0,0.0,0.0,0.0,0.0,0.0,0.0,0.0,0.0,0.0,0.0,2.776633738567161e-07,2.6062267056271497e-07,1.7188708581072107e-07,3.160855959793912e-07,1.7086674205307324e-07,1.8709657831824494e-07,3.8864304697185204e-07,3.819875812898957e-07,3.0514598183771117e-07,3.144510397274495e-07,5.794167976792426e-07,0.0,4.7256481639951145e-07,6.034549910329103e-07,3.999355481645491e-07,3.612104050184279e-07,4.5019671795787885e-07,4.930820911335357e-07,5.221455837895019e-07,4.5734736433738325e-07,5.926763030111144e-07,6.418383514312822e-07,7.425619666346891e-07,7.350057562435179e-07,7.282082763055226e-07,6.343948256643369e-07,8.69111833456407e-07,5.648326972611121e-07,1.0172891225207649e-06,6.627148511506297e-07,8.673899542365059e-07,9.180506831545632e-07,1.361943032750265e-06,1.039614463948114e-06,1.1743638794827292e-06,9.819639538315116e-07,1.3211919794038178e-06,1.3328479228136344e-06,0.0,1.4431132631811926e-06,1.0499514397459116e-06,1.1850635289902266e-06,1.4705461853623466e-06,0.0,1.1554800653996278e-06,1.201473674663044e-06,9.935142239559605e-07,1.5343326420956028e-06,1.2030547967398821e-06,1.0414107644489069e-06,9.225532709225572e-07,1.008440840103523e-06,9.09701476663825e-07,7.960148722283149e-07,5.55488746367036e-07,5.27948242488458e-07,5.539593134006686e-07,5.431270571011081e-07,3.386264943671853e-07,1.4396778438647495e-07,5.321175511524602e-07,2.594774124912426e-07,2.9458707110060524e-07,2.7181441120866954e-07,2.516940393163205e-07,2.563940556869575e-07,2.203720155086806e-07,2.9843006685310986e-07,2.082526498934892e-07,2.5347940083806627e-07,0.0,0.0,0.0,0.0,0.0,0.0
12.5,0.0,0.0,0.0,0.0,0.0,0.0,0.0,0.0,0.0,0.0,0.0,0.0,0.0,0.0,0.0,0.0,0.0,0.0,0.0,0.0,0.0,0.0,0.0,0.0,0.0,0.0,0.0,0.0,0.0,0.0,0.0,0.0,0.0,0.0,0.0,0.0,0.0,0.0,0.0,0.0,0.0,0.0,0.0,0.0,0.0,0.0,0.0,0.0,0.0,0.0,0.0,0.0,0.0,0.0,0.0,2.3799717759147092e-07,2.931220665809187e-07,3.2841256625332554e-07,2.4954125998373e-07,3.5693328631332174e-07,3.065285889337866e-07,3.0693692969503e-07,3.529350935304469e-07,1.4081770022164704e-07,3.0450223648052313e-07,4.6700349750191786e-07,0.0,5.245084850655519e-07,3.644893830527016e-07,4.4383694016683034e-07,5.306911874864887e-07,5.659615882899049e-07,4.433583078162838e-07,5.047638348826638e-07,5.901256314030752e-07,7.552588572165984e-07,6.247957082453962e-07,6.134207550460475e-07,6.130000170260754e-07,5.286826180786193e-07,6.70815057594945e-07,8.311016365524543e-07,5.644529012032443e-07,8.829583069804237e-07,5.62303510067201e-07,1.1191756075290415e-06,9.91760162713315e-07,8.634962354672719e-07,1.0400338888259843e-06,1.2968921762223574e-06,9.421780982771057e-07,1.1024662169272663e-06,1.4917206330989322e-06,0.0,1.3286496030602369e-06,1.1932873481756642e-06,1.3435245545077595e-06,1.4545972792166486e-06,0.0,1.0743484630744872e-06,1.3018896338116034e-06,1.1238526706953905e-06,1.19052905936534e-06,9.66861814650036e-07,9.988126115673687e-07,7.368523853980568e-07,1.0077682771849536e-06,7.435032438716084e-07,9.237891645227699e-07,5.142233502057232e-07,4.56878377780922e-07,4.5348139176059247e-07,5.430541345639034e-07,3.386264943671853e-07,2.86936059455447e-07,3.5479279834482066e-07,3.8854084721096246e-07,3.090548353676481e-07,2.7199569332899013e-07,3.861893192056549e-07,2.196184422390686e-07,1.1023018819048877e-07,1.3917399676225613e-07,3.4699520542844853e-07,2.852025056624581e-07,0.0,0.0,0.0,0.0,0.0
12.75,0.0,0.0,0.0,0.0,0.0,0.0,0.0,0.0,0.0,0.0,0.0,0.0,0.0,0.0,0.0,0.0,0.0,0.0,0.0,0.0,0.0,0.0,0.0,0.0,0.0,0.0,0.0,0.0,0.0,0.0,0.0,0.0,0.0,0.0,0.0,0.0,0.0,0.0,0.0,0.0,0.0,0.0,0.0,0.0,0.0,0.0,0.0,0.0,0.0,0.0,0.0,0.0,0.0,0.0,0.0,0.0,6.607469292083802e-08,2.441704071131333e-07,3.125639290911219e-07,2.498097282569776e-07,3.4141444777795987e-07,3.580018423797672e-07,2.2673876484316978e-07,3.676900569313635e-07,3.0555623456941016e-07,3.9359034192275376e-07,4.830421064422891e-07,0.0,4.1949423258354334e-07,5.407404955677892e-07,4.5906208699220617e-07,4.890259182035688e-07,6.044691102137532e-07,5.752624396557919e-07,4.713640053819669e-07,5.460122211406752e-07,6.332949638300732e-07,4.77200558541862e-07,5.491459456134901e-07,5.818795570261183e-07,6.611192808926248e-07,6.696389826456889e-07,8.880055689663291e-07,6.818638602843082e-07,9.501094797580532e-07,8.81605650739579e-07,7.71637089817014e-07,1.1950650652255482e-06,1.0701596678224392e-06,9.941465554584205e-07,9.922679243277851e-07,1.1590294939217548e-06,8.613519780647705e-07,1.110706602344695e-06,0.0,1.2355650127602502e-06,1.0819138623459353e-06,1.29221584020878e-06,1.0131789248651841e-06,0.0,8.020391042185652e-07,1.2208502917069166e-06,1.3269869700697368e-06,1.0340192003578585e-06,1.1120623396624873e-06,1.0661128565747715e-06,1.2186404835429406e-06,8.933238298883345e-07,9.086044227592323e-07,9.240351475249063e-07,4.875503080816854e-07,5.629931644184942e-07,5.381057574221935e-07,5.072289443426173e-07,4.058646906648144e-07,1.721616356732682e-07,3.7273318321060647e-07,3.650416347647754e-07,2.6273174872088275e-07,2.1753852117748385e-07,1.6797589599644735e-07,2.5622151594558003e-07,2.3899178557657e-07,3.1806934452428517e-07,1.6210398373087365e-07,2.851643259428246e-07,0.0,0.0,0.0,0.0
13.0,0.0,0.0,0.0,0.0,0.0,0.0,0.0,0.0,0.0,0.0,0.0,0.0,0.0,0.0,0.0,0.0,0.0,0.0,0.0,0.0,0.0,0.0,0.0,0.0,0.0,0.0,0.0,0.0,0.0,0.0,0.0,0.0,0.0,0.0,0.0,0.0,0.0,0.0,0.0,0.0,0.0,0.0,0.0,0.0,0.0,0.0,0.0,0.0,0.0,0.0,0.0,0.0,0.0,0.0,0.0,0.0,0.0,1.4536432442584363e-07,9.255445795223869e-08,3.0953083564104857e-07,2.968161932917041e-07,1.9957938644307122e-07,2.2179934754821463e-07,3.7499906463301493e-07,4.0418790404643825e-07,3.673449931964769e-07,2.8512382937741715e-07,3.146193979337017e-07,4.025350887019076e-07,3.803196738986988e-07,5.122203831613354e-07,3.550219811859652e-07,3.8496818289790994e-07,2.1256263902128e-07,3.345659601165463e-07,6.909480996020222e-07,6.066052231742741e-07,4.277267020473345e-07,4.70180114145013e-07,4.2789223428752153e-07,3.552340049107549e-07,7.285019086750007e-07,6.116994833520033e-07,7.0497821423449e-07,7.178657594052504e-07,5.651369022953175e-07,6.619142560284342e-07,1.0039784856245545e-06,7.520419384864405e-07,8.094009417600704e-07,9.151829349671524e-07,7.287202748927202e-07,1.0729818789961491e-06,1.040321650180971e-06,8.614671474695126e-07,1.2054243588601609e-06,1.1980293444166641e-06,1.2165563202562464e-06,8.438247013728263e-07,1.1339925214414434e-06,1.2751580092429336e-06,1.129199772853983e-06,8.97797543470847e-07,1.1382338923084802e-06,1.2392850478097436e-06,1.145378158288092e-06,1.148064785550974e-06,8.135641686067727e-07,8.790272990150869e-07,9.225532709225572e-07,7.605798318377006e-07,7.595166152267526e-07,3.593948509499705e-07,4.332040508044383e-07,5.800400825274001e-07,4.870726059650808e-07,3.537857337742541e-07,3.2156652588596987e-07,2.129043452712348e-07,4.614791792131319e-07,4.1258434108040977e-07,2.1733564752330812e-07,2.717781837781473e-07,3.261772934504034e-07,2.687614335943158e-07,2.013982236456967e-07,1.8359428966680852e-07,1.3936085766016465e-07,9.249506168865645e-08,1.5836102671788066e-07
